-- Create the employees table
CREATE DATABASE employee
    ENCODING 'UTF8';

\c employee;

DROP TABLE IF EXISTS employees;


CREATE TABLE employees
(
    id            SERIAL PRIMARY KEY,
    employee_id   VARCHAR(255) UNIQUE NOT NULL,
    title_th      VARCHAR(255),
    first_name_th VARCHAR(255),
    last_name_th  VARCHAR(255),
    title_en      VARCHAR(255),
    first_name_en VARCHAR(255),
    last_name_en  VARCHAR(255),
    date_of_birth VARCHAR(255),
    gender        VARCHAR(255),
    department    VARCHAR(255),
    role          VARCHAR(255),
    phone         VARCHAR(255),
    email         VARCHAR(255) UNIQUE NOT NULL,
    password      VARCHAR(255)        NOT NULL
);

INSERT INTO employees (employee_id, title_th, first_name_th, last_name_th,
                       title_en, first_name_en, last_name_en,
                       date_of_birth, gender, department, role,
                       phone, email, password)
VALUES

('ADMIN', 'นาย', 'แอดมิน', 'แอดมิน', 'Mr.', 'Admin', 'Admin', '1980-01-01', 'Male', 'IT', 'admin', '0812345678',
 'admin@example.com', 'jZae727K08KaOmKSgOaGzww/XVqGr/PKEgIMkjrcbJI='),
('EMP0000', 'นาย', 'thaiFirstName_0', 'thaiLastName_0', 'Mr.', 'engFirstName_0', 'engLastName_0', '1980-01-01', 'Male', 'R&D', 'user', '0812345678', 'uesr0@example.com', 'jZae727K08KaOmKSgOaGzww/XVqGr/PKEgIMkjrcbJI='),
('EMP0001', 'นาย', 'thaiFirstName_1', 'thaiLastName_1', 'Mr.', 'engFirstName_1', 'engLastName_1', '1980-01-01', 'Female', 'IT', 'user', '0812345678', 'uesr1@example.com', 'jZae727K08KaOmKSgOaGzww/XVqGr/PKEgIMkjrcbJI='),
('EMP0002', 'นาย', 'thaiFirstName_2', 'thaiLastName_2', 'Mr.', 'engFirstName_2', 'engLastName_2', '1980-01-01', 'Male', 'Software Development', 'user', '0812345678', 'uesr2@example.com', 'jZae727K08KaOmKSgOaGzww/XVqGr/PKEgIMkjrcbJI='),
('EMP0003', 'นาย', 'thaiFirstName_3', 'thaiLastName_3', 'Mr.', 'engFirstName_3', 'engLastName_3', '1980-01-01', 'Female', 'Product Management', 'user', '0812345678', 'uesr3@example.com', 'jZae727K08KaOmKSgOaGzww/XVqGr/PKEgIMkjrcbJI='),
('EMP0004', 'นาย', 'thaiFirstName_4', 'thaiLastName_4', 'Mr.', 'engFirstName_4', 'engLastName_4', '1980-01-01', 'Male', 'QA', 'user', '0812345678', 'uesr4@example.com', 'jZae727K08KaOmKSgOaGzww/XVqGr/PKEgIMkjrcbJI='),
('EMP0005', 'นาย', 'thaiFirstName_5', 'thaiLastName_5', 'Mr.', 'engFirstName_5', 'engLastName_5', '1980-01-01', 'Female', 'HR', 'user', '0812345678', 'uesr5@example.com', 'jZae727K08KaOmKSgOaGzww/XVqGr/PKEgIMkjrcbJI='),
('EMP0006', 'นาย', 'thaiFirstName_6', 'thaiLastName_6', 'Mr.', 'engFirstName_6', 'engLastName_6', '1980-01-01', 'Male', 'R&D', 'user', '0812345678', 'uesr6@example.com', 'jZae727K08KaOmKSgOaGzww/XVqGr/PKEgIMkjrcbJI='),
('EMP0007', 'นาย', 'thaiFirstName_7', 'thaiLastName_7', 'Mr.', 'engFirstName_7', 'engLastName_7', '1980-01-01', 'Female', 'IT', 'user', '0812345678', 'uesr7@example.com', 'jZae727K08KaOmKSgOaGzww/XVqGr/PKEgIMkjrcbJI='),
('EMP0008', 'นาย', 'thaiFirstName_8', 'thaiLastName_8', 'Mr.', 'engFirstName_8', 'engLastName_8', '1980-01-01', 'Male', 'Software Development', 'user', '0812345678', 'uesr8@example.com', 'jZae727K08KaOmKSgOaGzww/XVqGr/PKEgIMkjrcbJI='),
('EMP0009', 'นาย', 'thaiFirstName_9', 'thaiLastName_9', 'Mr.', 'engFirstName_9', 'engLastName_9', '1980-01-01', 'Female', 'Product Management', 'user', '0812345678', 'uesr9@example.com', 'jZae727K08KaOmKSgOaGzww/XVqGr/PKEgIMkjrcbJI='),
('EMP0010', 'นาย', 'thaiFirstName_10', 'thaiLastName_10', 'Mr.', 'engFirstName_10', 'engLastName_10', '1980-01-01', 'Male', 'QA', 'user', '0812345678', 'uesr10@example.com', 'jZae727K08KaOmKSgOaGzww/XVqGr/PKEgIMkjrcbJI='),
('EMP0011', 'นาย', 'thaiFirstName_11', 'thaiLastName_11', 'Mr.', 'engFirstName_11', 'engLastName_11', '1980-01-01', 'Female', 'HR', 'user', '0812345678', 'uesr11@example.com', 'jZae727K08KaOmKSgOaGzww/XVqGr/PKEgIMkjrcbJI='),
('EMP0012', 'นาย', 'thaiFirstName_12', 'thaiLastName_12', 'Mr.', 'engFirstName_12', 'engLastName_12', '1980-01-01', 'Male', 'R&D', 'user', '0812345678', 'uesr12@example.com', 'jZae727K08KaOmKSgOaGzww/XVqGr/PKEgIMkjrcbJI='),
('EMP0013', 'นาย', 'thaiFirstName_13', 'thaiLastName_13', 'Mr.', 'engFirstName_13', 'engLastName_13', '1980-01-01', 'Female', 'IT', 'user', '0812345678', 'uesr13@example.com', 'jZae727K08KaOmKSgOaGzww/XVqGr/PKEgIMkjrcbJI='),
('EMP0014', 'นาย', 'thaiFirstName_14', 'thaiLastName_14', 'Mr.', 'engFirstName_14', 'engLastName_14', '1980-01-01', 'Male', 'Software Development', 'user', '0812345678', 'uesr14@example.com', 'jZae727K08KaOmKSgOaGzww/XVqGr/PKEgIMkjrcbJI='),
('EMP0015', 'นาย', 'thaiFirstName_15', 'thaiLastName_15', 'Mr.', 'engFirstName_15', 'engLastName_15', '1980-01-01', 'Female', 'Product Management', 'user', '0812345678', 'uesr15@example.com', 'jZae727K08KaOmKSgOaGzww/XVqGr/PKEgIMkjrcbJI='),
('EMP0016', 'นาย', 'thaiFirstName_16', 'thaiLastName_16', 'Mr.', 'engFirstName_16', 'engLastName_16', '1980-01-01', 'Male', 'QA', 'user', '0812345678', 'uesr16@example.com', 'jZae727K08KaOmKSgOaGzww/XVqGr/PKEgIMkjrcbJI='),
('EMP0017', 'นาย', 'thaiFirstName_17', 'thaiLastName_17', 'Mr.', 'engFirstName_17', 'engLastName_17', '1980-01-01', 'Female', 'HR', 'user', '0812345678', 'uesr17@example.com', 'jZae727K08KaOmKSgOaGzww/XVqGr/PKEgIMkjrcbJI='),
('EMP0018', 'นาย', 'thaiFirstName_18', 'thaiLastName_18', 'Mr.', 'engFirstName_18', 'engLastName_18', '1980-01-01', 'Male', 'R&D', 'user', '0812345678', 'uesr18@example.com', 'jZae727K08KaOmKSgOaGzww/XVqGr/PKEgIMkjrcbJI='),
('EMP0019', 'นาย', 'thaiFirstName_19', 'thaiLastName_19', 'Mr.', 'engFirstName_19', 'engLastName_19', '1980-01-01', 'Female', 'IT', 'user', '0812345678', 'uesr19@example.com', 'jZae727K08KaOmKSgOaGzww/XVqGr/PKEgIMkjrcbJI='),
('EMP0020', 'นาย', 'thaiFirstName_20', 'thaiLastName_20', 'Mr.', 'engFirstName_20', 'engLastName_20', '1980-01-01', 'Male', 'Software Development', 'user', '0812345678', 'uesr20@example.com', 'jZae727K08KaOmKSgOaGzww/XVqGr/PKEgIMkjrcbJI='),
('EMP0021', 'นาย', 'thaiFirstName_21', 'thaiLastName_21', 'Mr.', 'engFirstName_21', 'engLastName_21', '1980-01-01', 'Female', 'Product Management', 'user', '0812345678', 'uesr21@example.com', 'jZae727K08KaOmKSgOaGzww/XVqGr/PKEgIMkjrcbJI='),
('EMP0022', 'นาย', 'thaiFirstName_22', 'thaiLastName_22', 'Mr.', 'engFirstName_22', 'engLastName_22', '1980-01-01', 'Male', 'QA', 'user', '0812345678', 'uesr22@example.com', 'jZae727K08KaOmKSgOaGzww/XVqGr/PKEgIMkjrcbJI='),
('EMP0023', 'นาย', 'thaiFirstName_23', 'thaiLastName_23', 'Mr.', 'engFirstName_23', 'engLastName_23', '1980-01-01', 'Female', 'HR', 'user', '0812345678', 'uesr23@example.com', 'jZae727K08KaOmKSgOaGzww/XVqGr/PKEgIMkjrcbJI='),
('EMP0024', 'นาย', 'thaiFirstName_24', 'thaiLastName_24', 'Mr.', 'engFirstName_24', 'engLastName_24', '1980-01-01', 'Male', 'R&D', 'user', '0812345678', 'uesr24@example.com', 'jZae727K08KaOmKSgOaGzww/XVqGr/PKEgIMkjrcbJI='),
('EMP0025', 'นาย', 'thaiFirstName_25', 'thaiLastName_25', 'Mr.', 'engFirstName_25', 'engLastName_25', '1980-01-01', 'Female', 'IT', 'user', '0812345678', 'uesr25@example.com', 'jZae727K08KaOmKSgOaGzww/XVqGr/PKEgIMkjrcbJI='),
('EMP0026', 'นาย', 'thaiFirstName_26', 'thaiLastName_26', 'Mr.', 'engFirstName_26', 'engLastName_26', '1980-01-01', 'Male', 'Software Development', 'user', '0812345678', 'uesr26@example.com', 'jZae727K08KaOmKSgOaGzww/XVqGr/PKEgIMkjrcbJI='),
('EMP0027', 'นาย', 'thaiFirstName_27', 'thaiLastName_27', 'Mr.', 'engFirstName_27', 'engLastName_27', '1980-01-01', 'Female', 'Product Management', 'user', '0812345678', 'uesr27@example.com', 'jZae727K08KaOmKSgOaGzww/XVqGr/PKEgIMkjrcbJI='),
('EMP0028', 'นาย', 'thaiFirstName_28', 'thaiLastName_28', 'Mr.', 'engFirstName_28', 'engLastName_28', '1980-01-01', 'Male', 'QA', 'user', '0812345678', 'uesr28@example.com', 'jZae727K08KaOmKSgOaGzww/XVqGr/PKEgIMkjrcbJI='),
('EMP0029', 'นาย', 'thaiFirstName_29', 'thaiLastName_29', 'Mr.', 'engFirstName_29', 'engLastName_29', '1980-01-01', 'Female', 'HR', 'user', '0812345678', 'uesr29@example.com', 'jZae727K08KaOmKSgOaGzww/XVqGr/PKEgIMkjrcbJI='),
('EMP0030', 'นาย', 'thaiFirstName_30', 'thaiLastName_30', 'Mr.', 'engFirstName_30', 'engLastName_30', '1980-01-01', 'Male', 'R&D', 'user', '0812345678', 'uesr30@example.com', 'jZae727K08KaOmKSgOaGzww/XVqGr/PKEgIMkjrcbJI='),
('EMP0031', 'นาย', 'thaiFirstName_31', 'thaiLastName_31', 'Mr.', 'engFirstName_31', 'engLastName_31', '1980-01-01', 'Female', 'IT', 'user', '0812345678', 'uesr31@example.com', 'jZae727K08KaOmKSgOaGzww/XVqGr/PKEgIMkjrcbJI='),
('EMP0032', 'นาย', 'thaiFirstName_32', 'thaiLastName_32', 'Mr.', 'engFirstName_32', 'engLastName_32', '1980-01-01', 'Male', 'Software Development', 'user', '0812345678', 'uesr32@example.com', 'jZae727K08KaOmKSgOaGzww/XVqGr/PKEgIMkjrcbJI='),
('EMP0033', 'นาย', 'thaiFirstName_33', 'thaiLastName_33', 'Mr.', 'engFirstName_33', 'engLastName_33', '1980-01-01', 'Female', 'Product Management', 'user', '0812345678', 'uesr33@example.com', 'jZae727K08KaOmKSgOaGzww/XVqGr/PKEgIMkjrcbJI='),
('EMP0034', 'นาย', 'thaiFirstName_34', 'thaiLastName_34', 'Mr.', 'engFirstName_34', 'engLastName_34', '1980-01-01', 'Male', 'QA', 'user', '0812345678', 'uesr34@example.com', 'jZae727K08KaOmKSgOaGzww/XVqGr/PKEgIMkjrcbJI='),
('EMP0035', 'นาย', 'thaiFirstName_35', 'thaiLastName_35', 'Mr.', 'engFirstName_35', 'engLastName_35', '1980-01-01', 'Female', 'HR', 'user', '0812345678', 'uesr35@example.com', 'jZae727K08KaOmKSgOaGzww/XVqGr/PKEgIMkjrcbJI='),
('EMP0036', 'นาย', 'thaiFirstName_36', 'thaiLastName_36', 'Mr.', 'engFirstName_36', 'engLastName_36', '1980-01-01', 'Male', 'R&D', 'user', '0812345678', 'uesr36@example.com', 'jZae727K08KaOmKSgOaGzww/XVqGr/PKEgIMkjrcbJI='),
('EMP0037', 'นาย', 'thaiFirstName_37', 'thaiLastName_37', 'Mr.', 'engFirstName_37', 'engLastName_37', '1980-01-01', 'Female', 'IT', 'user', '0812345678', 'uesr37@example.com', 'jZae727K08KaOmKSgOaGzww/XVqGr/PKEgIMkjrcbJI='),
('EMP0038', 'นาย', 'thaiFirstName_38', 'thaiLastName_38', 'Mr.', 'engFirstName_38', 'engLastName_38', '1980-01-01', 'Male', 'Software Development', 'user', '0812345678', 'uesr38@example.com', 'jZae727K08KaOmKSgOaGzww/XVqGr/PKEgIMkjrcbJI='),
('EMP0039', 'นาย', 'thaiFirstName_39', 'thaiLastName_39', 'Mr.', 'engFirstName_39', 'engLastName_39', '1980-01-01', 'Female', 'Product Management', 'user', '0812345678', 'uesr39@example.com', 'jZae727K08KaOmKSgOaGzww/XVqGr/PKEgIMkjrcbJI='),
('EMP0040', 'นาย', 'thaiFirstName_40', 'thaiLastName_40', 'Mr.', 'engFirstName_40', 'engLastName_40', '1980-01-01', 'Male', 'QA', 'user', '0812345678', 'uesr40@example.com', 'jZae727K08KaOmKSgOaGzww/XVqGr/PKEgIMkjrcbJI='),
('EMP0041', 'นาย', 'thaiFirstName_41', 'thaiLastName_41', 'Mr.', 'engFirstName_41', 'engLastName_41', '1980-01-01', 'Female', 'HR', 'user', '0812345678', 'uesr41@example.com', 'jZae727K08KaOmKSgOaGzww/XVqGr/PKEgIMkjrcbJI='),
('EMP0042', 'นาย', 'thaiFirstName_42', 'thaiLastName_42', 'Mr.', 'engFirstName_42', 'engLastName_42', '1980-01-01', 'Male', 'R&D', 'user', '0812345678', 'uesr42@example.com', 'jZae727K08KaOmKSgOaGzww/XVqGr/PKEgIMkjrcbJI='),
('EMP0043', 'นาย', 'thaiFirstName_43', 'thaiLastName_43', 'Mr.', 'engFirstName_43', 'engLastName_43', '1980-01-01', 'Female', 'IT', 'user', '0812345678', 'uesr43@example.com', 'jZae727K08KaOmKSgOaGzww/XVqGr/PKEgIMkjrcbJI='),
('EMP0044', 'นาย', 'thaiFirstName_44', 'thaiLastName_44', 'Mr.', 'engFirstName_44', 'engLastName_44', '1980-01-01', 'Male', 'Software Development', 'user', '0812345678', 'uesr44@example.com', 'jZae727K08KaOmKSgOaGzww/XVqGr/PKEgIMkjrcbJI='),
('EMP0045', 'นาย', 'thaiFirstName_45', 'thaiLastName_45', 'Mr.', 'engFirstName_45', 'engLastName_45', '1980-01-01', 'Female', 'Product Management', 'user', '0812345678', 'uesr45@example.com', 'jZae727K08KaOmKSgOaGzww/XVqGr/PKEgIMkjrcbJI='),
('EMP0046', 'นาย', 'thaiFirstName_46', 'thaiLastName_46', 'Mr.', 'engFirstName_46', 'engLastName_46', '1980-01-01', 'Male', 'QA', 'user', '0812345678', 'uesr46@example.com', 'jZae727K08KaOmKSgOaGzww/XVqGr/PKEgIMkjrcbJI='),
('EMP0047', 'นาย', 'thaiFirstName_47', 'thaiLastName_47', 'Mr.', 'engFirstName_47', 'engLastName_47', '1980-01-01', 'Female', 'HR', 'user', '0812345678', 'uesr47@example.com', 'jZae727K08KaOmKSgOaGzww/XVqGr/PKEgIMkjrcbJI='),
('EMP0048', 'นาย', 'thaiFirstName_48', 'thaiLastName_48', 'Mr.', 'engFirstName_48', 'engLastName_48', '1980-01-01', 'Male', 'R&D', 'user', '0812345678', 'uesr48@example.com', 'jZae727K08KaOmKSgOaGzww/XVqGr/PKEgIMkjrcbJI='),
('EMP0049', 'นาย', 'thaiFirstName_49', 'thaiLastName_49', 'Mr.', 'engFirstName_49', 'engLastName_49', '1980-01-01', 'Female', 'IT', 'user', '0812345678', 'uesr49@example.com', 'jZae727K08KaOmKSgOaGzww/XVqGr/PKEgIMkjrcbJI='),
('EMP0050', 'นาย', 'thaiFirstName_50', 'thaiLastName_50', 'Mr.', 'engFirstName_50', 'engLastName_50', '1980-01-01', 'Male', 'Software Development', 'user', '0812345678', 'uesr50@example.com', 'jZae727K08KaOmKSgOaGzww/XVqGr/PKEgIMkjrcbJI='),
('EMP0051', 'นาย', 'thaiFirstName_51', 'thaiLastName_51', 'Mr.', 'engFirstName_51', 'engLastName_51', '1980-01-01', 'Female', 'Product Management', 'user', '0812345678', 'uesr51@example.com', 'jZae727K08KaOmKSgOaGzww/XVqGr/PKEgIMkjrcbJI='),
('EMP0052', 'นาย', 'thaiFirstName_52', 'thaiLastName_52', 'Mr.', 'engFirstName_52', 'engLastName_52', '1980-01-01', 'Male', 'QA', 'user', '0812345678', 'uesr52@example.com', 'jZae727K08KaOmKSgOaGzww/XVqGr/PKEgIMkjrcbJI='),
('EMP0053', 'นาย', 'thaiFirstName_53', 'thaiLastName_53', 'Mr.', 'engFirstName_53', 'engLastName_53', '1980-01-01', 'Female', 'HR', 'user', '0812345678', 'uesr53@example.com', 'jZae727K08KaOmKSgOaGzww/XVqGr/PKEgIMkjrcbJI='),
('EMP0054', 'นาย', 'thaiFirstName_54', 'thaiLastName_54', 'Mr.', 'engFirstName_54', 'engLastName_54', '1980-01-01', 'Male', 'R&D', 'user', '0812345678', 'uesr54@example.com', 'jZae727K08KaOmKSgOaGzww/XVqGr/PKEgIMkjrcbJI='),
('EMP0055', 'นาย', 'thaiFirstName_55', 'thaiLastName_55', 'Mr.', 'engFirstName_55', 'engLastName_55', '1980-01-01', 'Female', 'IT', 'user', '0812345678', 'uesr55@example.com', 'jZae727K08KaOmKSgOaGzww/XVqGr/PKEgIMkjrcbJI='),
('EMP0056', 'นาย', 'thaiFirstName_56', 'thaiLastName_56', 'Mr.', 'engFirstName_56', 'engLastName_56', '1980-01-01', 'Male', 'Software Development', 'user', '0812345678', 'uesr56@example.com', 'jZae727K08KaOmKSgOaGzww/XVqGr/PKEgIMkjrcbJI='),
('EMP0057', 'นาย', 'thaiFirstName_57', 'thaiLastName_57', 'Mr.', 'engFirstName_57', 'engLastName_57', '1980-01-01', 'Female', 'Product Management', 'user', '0812345678', 'uesr57@example.com', 'jZae727K08KaOmKSgOaGzww/XVqGr/PKEgIMkjrcbJI='),
('EMP0058', 'นาย', 'thaiFirstName_58', 'thaiLastName_58', 'Mr.', 'engFirstName_58', 'engLastName_58', '1980-01-01', 'Male', 'QA', 'user', '0812345678', 'uesr58@example.com', 'jZae727K08KaOmKSgOaGzww/XVqGr/PKEgIMkjrcbJI='),
('EMP0059', 'นาย', 'thaiFirstName_59', 'thaiLastName_59', 'Mr.', 'engFirstName_59', 'engLastName_59', '1980-01-01', 'Female', 'HR', 'user', '0812345678', 'uesr59@example.com', 'jZae727K08KaOmKSgOaGzww/XVqGr/PKEgIMkjrcbJI='),
('EMP0060', 'นาย', 'thaiFirstName_60', 'thaiLastName_60', 'Mr.', 'engFirstName_60', 'engLastName_60', '1980-01-01', 'Male', 'R&D', 'user', '0812345678', 'uesr60@example.com', 'jZae727K08KaOmKSgOaGzww/XVqGr/PKEgIMkjrcbJI='),
('EMP0061', 'นาย', 'thaiFirstName_61', 'thaiLastName_61', 'Mr.', 'engFirstName_61', 'engLastName_61', '1980-01-01', 'Female', 'IT', 'user', '0812345678', 'uesr61@example.com', 'jZae727K08KaOmKSgOaGzww/XVqGr/PKEgIMkjrcbJI='),
('EMP0062', 'นาย', 'thaiFirstName_62', 'thaiLastName_62', 'Mr.', 'engFirstName_62', 'engLastName_62', '1980-01-01', 'Male', 'Software Development', 'user', '0812345678', 'uesr62@example.com', 'jZae727K08KaOmKSgOaGzww/XVqGr/PKEgIMkjrcbJI='),
('EMP0063', 'นาย', 'thaiFirstName_63', 'thaiLastName_63', 'Mr.', 'engFirstName_63', 'engLastName_63', '1980-01-01', 'Female', 'Product Management', 'user', '0812345678', 'uesr63@example.com', 'jZae727K08KaOmKSgOaGzww/XVqGr/PKEgIMkjrcbJI='),
('EMP0064', 'นาย', 'thaiFirstName_64', 'thaiLastName_64', 'Mr.', 'engFirstName_64', 'engLastName_64', '1980-01-01', 'Male', 'QA', 'user', '0812345678', 'uesr64@example.com', 'jZae727K08KaOmKSgOaGzww/XVqGr/PKEgIMkjrcbJI='),
('EMP0065', 'นาย', 'thaiFirstName_65', 'thaiLastName_65', 'Mr.', 'engFirstName_65', 'engLastName_65', '1980-01-01', 'Female', 'HR', 'user', '0812345678', 'uesr65@example.com', 'jZae727K08KaOmKSgOaGzww/XVqGr/PKEgIMkjrcbJI='),
('EMP0066', 'นาย', 'thaiFirstName_66', 'thaiLastName_66', 'Mr.', 'engFirstName_66', 'engLastName_66', '1980-01-01', 'Male', 'R&D', 'user', '0812345678', 'uesr66@example.com', 'jZae727K08KaOmKSgOaGzww/XVqGr/PKEgIMkjrcbJI='),
('EMP0067', 'นาย', 'thaiFirstName_67', 'thaiLastName_67', 'Mr.', 'engFirstName_67', 'engLastName_67', '1980-01-01', 'Female', 'IT', 'user', '0812345678', 'uesr67@example.com', 'jZae727K08KaOmKSgOaGzww/XVqGr/PKEgIMkjrcbJI='),
('EMP0068', 'นาย', 'thaiFirstName_68', 'thaiLastName_68', 'Mr.', 'engFirstName_68', 'engLastName_68', '1980-01-01', 'Male', 'Software Development', 'user', '0812345678', 'uesr68@example.com', 'jZae727K08KaOmKSgOaGzww/XVqGr/PKEgIMkjrcbJI='),
('EMP0069', 'นาย', 'thaiFirstName_69', 'thaiLastName_69', 'Mr.', 'engFirstName_69', 'engLastName_69', '1980-01-01', 'Female', 'Product Management', 'user', '0812345678', 'uesr69@example.com', 'jZae727K08KaOmKSgOaGzww/XVqGr/PKEgIMkjrcbJI='),
('EMP0070', 'นาย', 'thaiFirstName_70', 'thaiLastName_70', 'Mr.', 'engFirstName_70', 'engLastName_70', '1980-01-01', 'Male', 'QA', 'user', '0812345678', 'uesr70@example.com', 'jZae727K08KaOmKSgOaGzww/XVqGr/PKEgIMkjrcbJI='),
('EMP0071', 'นาย', 'thaiFirstName_71', 'thaiLastName_71', 'Mr.', 'engFirstName_71', 'engLastName_71', '1980-01-01', 'Female', 'HR', 'user', '0812345678', 'uesr71@example.com', 'jZae727K08KaOmKSgOaGzww/XVqGr/PKEgIMkjrcbJI='),
('EMP0072', 'นาย', 'thaiFirstName_72', 'thaiLastName_72', 'Mr.', 'engFirstName_72', 'engLastName_72', '1980-01-01', 'Male', 'R&D', 'user', '0812345678', 'uesr72@example.com', 'jZae727K08KaOmKSgOaGzww/XVqGr/PKEgIMkjrcbJI='),
('EMP0073', 'นาย', 'thaiFirstName_73', 'thaiLastName_73', 'Mr.', 'engFirstName_73', 'engLastName_73', '1980-01-01', 'Female', 'IT', 'user', '0812345678', 'uesr73@example.com', 'jZae727K08KaOmKSgOaGzww/XVqGr/PKEgIMkjrcbJI='),
('EMP0074', 'นาย', 'thaiFirstName_74', 'thaiLastName_74', 'Mr.', 'engFirstName_74', 'engLastName_74', '1980-01-01', 'Male', 'Software Development', 'user', '0812345678', 'uesr74@example.com', 'jZae727K08KaOmKSgOaGzww/XVqGr/PKEgIMkjrcbJI='),
('EMP0075', 'นาย', 'thaiFirstName_75', 'thaiLastName_75', 'Mr.', 'engFirstName_75', 'engLastName_75', '1980-01-01', 'Female', 'Product Management', 'user', '0812345678', 'uesr75@example.com', 'jZae727K08KaOmKSgOaGzww/XVqGr/PKEgIMkjrcbJI='),
('EMP0076', 'นาย', 'thaiFirstName_76', 'thaiLastName_76', 'Mr.', 'engFirstName_76', 'engLastName_76', '1980-01-01', 'Male', 'QA', 'user', '0812345678', 'uesr76@example.com', 'jZae727K08KaOmKSgOaGzww/XVqGr/PKEgIMkjrcbJI='),
('EMP0077', 'นาย', 'thaiFirstName_77', 'thaiLastName_77', 'Mr.', 'engFirstName_77', 'engLastName_77', '1980-01-01', 'Female', 'HR', 'user', '0812345678', 'uesr77@example.com', 'jZae727K08KaOmKSgOaGzww/XVqGr/PKEgIMkjrcbJI='),
('EMP0078', 'นาย', 'thaiFirstName_78', 'thaiLastName_78', 'Mr.', 'engFirstName_78', 'engLastName_78', '1980-01-01', 'Male', 'R&D', 'user', '0812345678', 'uesr78@example.com', 'jZae727K08KaOmKSgOaGzww/XVqGr/PKEgIMkjrcbJI='),
('EMP0079', 'นาย', 'thaiFirstName_79', 'thaiLastName_79', 'Mr.', 'engFirstName_79', 'engLastName_79', '1980-01-01', 'Female', 'IT', 'user', '0812345678', 'uesr79@example.com', 'jZae727K08KaOmKSgOaGzww/XVqGr/PKEgIMkjrcbJI='),
('EMP0080', 'นาย', 'thaiFirstName_80', 'thaiLastName_80', 'Mr.', 'engFirstName_80', 'engLastName_80', '1980-01-01', 'Male', 'Software Development', 'user', '0812345678', 'uesr80@example.com', 'jZae727K08KaOmKSgOaGzww/XVqGr/PKEgIMkjrcbJI='),
('EMP0081', 'นาย', 'thaiFirstName_81', 'thaiLastName_81', 'Mr.', 'engFirstName_81', 'engLastName_81', '1980-01-01', 'Female', 'Product Management', 'user', '0812345678', 'uesr81@example.com', 'jZae727K08KaOmKSgOaGzww/XVqGr/PKEgIMkjrcbJI='),
('EMP0082', 'นาย', 'thaiFirstName_82', 'thaiLastName_82', 'Mr.', 'engFirstName_82', 'engLastName_82', '1980-01-01', 'Male', 'QA', 'user', '0812345678', 'uesr82@example.com', 'jZae727K08KaOmKSgOaGzww/XVqGr/PKEgIMkjrcbJI='),
('EMP0083', 'นาย', 'thaiFirstName_83', 'thaiLastName_83', 'Mr.', 'engFirstName_83', 'engLastName_83', '1980-01-01', 'Female', 'HR', 'user', '0812345678', 'uesr83@example.com', 'jZae727K08KaOmKSgOaGzww/XVqGr/PKEgIMkjrcbJI='),
('EMP0084', 'นาย', 'thaiFirstName_84', 'thaiLastName_84', 'Mr.', 'engFirstName_84', 'engLastName_84', '1980-01-01', 'Male', 'R&D', 'user', '0812345678', 'uesr84@example.com', 'jZae727K08KaOmKSgOaGzww/XVqGr/PKEgIMkjrcbJI='),
('EMP0085', 'นาย', 'thaiFirstName_85', 'thaiLastName_85', 'Mr.', 'engFirstName_85', 'engLastName_85', '1980-01-01', 'Female', 'IT', 'user', '0812345678', 'uesr85@example.com', 'jZae727K08KaOmKSgOaGzww/XVqGr/PKEgIMkjrcbJI='),
('EMP0086', 'นาย', 'thaiFirstName_86', 'thaiLastName_86', 'Mr.', 'engFirstName_86', 'engLastName_86', '1980-01-01', 'Male', 'Software Development', 'user', '0812345678', 'uesr86@example.com', 'jZae727K08KaOmKSgOaGzww/XVqGr/PKEgIMkjrcbJI='),
('EMP0087', 'นาย', 'thaiFirstName_87', 'thaiLastName_87', 'Mr.', 'engFirstName_87', 'engLastName_87', '1980-01-01', 'Female', 'Product Management', 'user', '0812345678', 'uesr87@example.com', 'jZae727K08KaOmKSgOaGzww/XVqGr/PKEgIMkjrcbJI='),
('EMP0088', 'นาย', 'thaiFirstName_88', 'thaiLastName_88', 'Mr.', 'engFirstName_88', 'engLastName_88', '1980-01-01', 'Male', 'QA', 'user', '0812345678', 'uesr88@example.com', 'jZae727K08KaOmKSgOaGzww/XVqGr/PKEgIMkjrcbJI='),
('EMP0089', 'นาย', 'thaiFirstName_89', 'thaiLastName_89', 'Mr.', 'engFirstName_89', 'engLastName_89', '1980-01-01', 'Female', 'HR', 'user', '0812345678', 'uesr89@example.com', 'jZae727K08KaOmKSgOaGzww/XVqGr/PKEgIMkjrcbJI='),
('EMP0090', 'นาย', 'thaiFirstName_90', 'thaiLastName_90', 'Mr.', 'engFirstName_90', 'engLastName_90', '1980-01-01', 'Male', 'R&D', 'user', '0812345678', 'uesr90@example.com', 'jZae727K08KaOmKSgOaGzww/XVqGr/PKEgIMkjrcbJI='),
('EMP0091', 'นาย', 'thaiFirstName_91', 'thaiLastName_91', 'Mr.', 'engFirstName_91', 'engLastName_91', '1980-01-01', 'Female', 'IT', 'user', '0812345678', 'uesr91@example.com', 'jZae727K08KaOmKSgOaGzww/XVqGr/PKEgIMkjrcbJI='),
('EMP0092', 'นาย', 'thaiFirstName_92', 'thaiLastName_92', 'Mr.', 'engFirstName_92', 'engLastName_92', '1980-01-01', 'Male', 'Software Development', 'user', '0812345678', 'uesr92@example.com', 'jZae727K08KaOmKSgOaGzww/XVqGr/PKEgIMkjrcbJI='),
('EMP0093', 'นาย', 'thaiFirstName_93', 'thaiLastName_93', 'Mr.', 'engFirstName_93', 'engLastName_93', '1980-01-01', 'Female', 'Product Management', 'user', '0812345678', 'uesr93@example.com', 'jZae727K08KaOmKSgOaGzww/XVqGr/PKEgIMkjrcbJI='),
('EMP0094', 'นาย', 'thaiFirstName_94', 'thaiLastName_94', 'Mr.', 'engFirstName_94', 'engLastName_94', '1980-01-01', 'Male', 'QA', 'user', '0812345678', 'uesr94@example.com', 'jZae727K08KaOmKSgOaGzww/XVqGr/PKEgIMkjrcbJI='),
('EMP0095', 'นาย', 'thaiFirstName_95', 'thaiLastName_95', 'Mr.', 'engFirstName_95', 'engLastName_95', '1980-01-01', 'Female', 'HR', 'user', '0812345678', 'uesr95@example.com', 'jZae727K08KaOmKSgOaGzww/XVqGr/PKEgIMkjrcbJI='),
('EMP0096', 'นาย', 'thaiFirstName_96', 'thaiLastName_96', 'Mr.', 'engFirstName_96', 'engLastName_96', '1980-01-01', 'Male', 'R&D', 'user', '0812345678', 'uesr96@example.com', 'jZae727K08KaOmKSgOaGzww/XVqGr/PKEgIMkjrcbJI='),
('EMP0097', 'นาย', 'thaiFirstName_97', 'thaiLastName_97', 'Mr.', 'engFirstName_97', 'engLastName_97', '1980-01-01', 'Female', 'IT', 'user', '0812345678', 'uesr97@example.com', 'jZae727K08KaOmKSgOaGzww/XVqGr/PKEgIMkjrcbJI='),
('EMP0098', 'นาย', 'thaiFirstName_98', 'thaiLastName_98', 'Mr.', 'engFirstName_98', 'engLastName_98', '1980-01-01', 'Male', 'Software Development', 'user', '0812345678', 'uesr98@example.com', 'jZae727K08KaOmKSgOaGzww/XVqGr/PKEgIMkjrcbJI='),
('EMP0099', 'นาย', 'thaiFirstName_99', 'thaiLastName_99', 'Mr.', 'engFirstName_99', 'engLastName_99', '1980-01-01', 'Female', 'Product Management', 'user', '0812345678', 'uesr99@example.com', 'jZae727K08KaOmKSgOaGzww/XVqGr/PKEgIMkjrcbJI=');

-- Create the employees table
CREATE DATABASE attendance
    ENCODING 'UTF8';

\c attendance;

DROP TABLE IF EXISTS attendances;


CREATE TABLE attendances
(
    id                SERIAL PRIMARY KEY,
    employee_id       VARCHAR(255) NOT NULL,
    check_in          TIMESTAMP,
    check_out         TIMESTAMP,
    date              VARCHAR(255) NOT NULL,
    leave_id          INT,
    employee_name     VARCHAR(255),
    employee_lastname VARCHAR(255)
);

INSERT INTO attendances (employee_id, check_in, check_out, date, leave_id, employee_name, employee_lastname)
VALUES
    ('EMP0000', '2024-03-01T01:00:00Z', '2024-03-01T09:00:00Z', '2024-03-01', '-1', '', ''),
    ('EMP0000', '2024-03-02T01:00:00Z', '2024-03-02T09:00:00Z', '2024-03-02', '-1', '', ''),
    ('EMP0000', '2024-03-03T01:00:00Z', '2024-03-03T09:00:00Z', '2024-03-03', '-1', '', ''),
    ('EMP0000', '0001-01-01T00:00:00Z', '0001-01-01T00:00:00Z', '2024-03-03', '1', '', ''),
    ('EMP0001', '2024-03-03T01:00:00Z', '2024-03-03T09:00:00Z', '2024-03-03', '-1', '', ''),
    ('EMP0001', '2024-03-04T01:00:00Z', '2024-03-04T09:00:00Z', '2024-03-04', '-1', '', ''),
    ('EMP0001', '2024-03-05T01:00:00Z', '2024-03-05T09:00:00Z', '2024-03-05', '-1', '', ''),
    ('EMP0001', '0001-01-01T00:00:00Z', '0001-01-01T00:00:00Z', '2024-03-05', '2', '', ''),
    ('EMP0002', '2024-03-05T01:00:00Z', '2024-03-05T09:00:00Z', '2024-03-05', '-1', '', ''),
    ('EMP0002', '2024-03-06T01:00:00Z', '2024-03-06T09:00:00Z', '2024-03-06', '-1', '', ''),
    ('EMP0002', '2024-03-07T01:00:00Z', '2024-03-07T09:00:00Z', '2024-03-07', '-1', '', ''),
    ('EMP0002', '0001-01-01T00:00:00Z', '0001-01-01T00:00:00Z', '2024-03-07', '3', '', ''),
    ('EMP0003', '2024-03-07T01:00:00Z', '2024-03-07T09:00:00Z', '2024-03-07', '-1', '', ''),
    ('EMP0003', '2024-03-08T01:00:00Z', '2024-03-08T09:00:00Z', '2024-03-08', '-1', '', ''),
    ('EMP0003', '2024-03-09T01:00:00Z', '2024-03-09T09:00:00Z', '2024-03-09', '-1', '', ''),
    ('EMP0003', '0001-01-01T00:00:00Z', '0001-01-01T00:00:00Z', '2024-03-09', '4', '', ''),
    ('EMP0004', '2024-03-09T01:00:00Z', '2024-03-09T09:00:00Z', '2024-03-09', '-1', '', ''),
    ('EMP0004', '2024-03-10T01:00:00Z', '2024-03-10T09:00:00Z', '2024-03-10', '-1', '', ''),
    ('EMP0004', '2024-03-11T01:00:00Z', '2024-03-11T09:00:00Z', '2024-03-11', '-1', '', ''),
    ('EMP0004', '0001-01-01T00:00:00Z', '0001-01-01T00:00:00Z', '2024-03-11', '5', '', ''),
    ('EMP0005', '2024-03-11T01:00:00Z', '2024-03-11T09:00:00Z', '2024-03-11', '-1', '', ''),
    ('EMP0005', '2024-03-12T01:00:00Z', '2024-03-12T09:00:00Z', '2024-03-12', '-1', '', ''),
    ('EMP0005', '2024-03-13T01:00:00Z', '2024-03-13T09:00:00Z', '2024-03-13', '-1', '', ''),
    ('EMP0005', '0001-01-01T00:00:00Z', '0001-01-01T00:00:00Z', '2024-03-13', '6', '', ''),
    ('EMP0006', '2024-03-13T01:00:00Z', '2024-03-13T09:00:00Z', '2024-03-13', '-1', '', ''),
    ('EMP0006', '2024-03-14T01:00:00Z', '2024-03-14T09:00:00Z', '2024-03-14', '-1', '', ''),
    ('EMP0006', '2024-03-15T01:00:00Z', '2024-03-15T09:00:00Z', '2024-03-15', '-1', '', ''),
    ('EMP0006', '0001-01-01T00:00:00Z', '0001-01-01T00:00:00Z', '2024-03-15', '7', '', ''),
    ('EMP0007', '2024-03-15T01:00:00Z', '2024-03-15T09:00:00Z', '2024-03-15', '-1', '', ''),
    ('EMP0007', '2024-03-16T01:00:00Z', '2024-03-16T09:00:00Z', '2024-03-16', '-1', '', ''),
    ('EMP0007', '2024-03-17T01:00:00Z', '2024-03-17T09:00:00Z', '2024-03-17', '-1', '', ''),
    ('EMP0007', '0001-01-01T00:00:00Z', '0001-01-01T00:00:00Z', '2024-03-17', '8', '', ''),
    ('EMP0008', '2024-03-17T01:00:00Z', '2024-03-17T09:00:00Z', '2024-03-17', '-1', '', ''),
    ('EMP0008', '2024-03-18T01:00:00Z', '2024-03-18T09:00:00Z', '2024-03-18', '-1', '', ''),
    ('EMP0008', '2024-03-19T01:00:00Z', '2024-03-19T09:00:00Z', '2024-03-19', '-1', '', ''),
    ('EMP0008', '0001-01-01T00:00:00Z', '0001-01-01T00:00:00Z', '2024-03-19', '9', '', ''),
    ('EMP0009', '2024-03-19T01:00:00Z', '2024-03-19T09:00:00Z', '2024-03-19', '-1', '', ''),
    ('EMP0009', '2024-03-20T01:00:00Z', '2024-03-20T09:00:00Z', '2024-03-20', '-1', '', ''),
    ('EMP0009', '2024-03-21T01:00:00Z', '2024-03-21T09:00:00Z', '2024-03-21', '-1', '', ''),
    ('EMP0009', '0001-01-01T00:00:00Z', '0001-01-01T00:00:00Z', '2024-03-21', '10', '', ''),
    ('EMP0010', '2024-03-21T01:00:00Z', '2024-03-21T09:00:00Z', '2024-03-21', '-1', '', ''),
    ('EMP0010', '2024-03-22T01:00:00Z', '2024-03-22T09:00:00Z', '2024-03-22', '-1', '', ''),
    ('EMP0010', '2024-03-23T01:00:00Z', '2024-03-23T09:00:00Z', '2024-03-23', '-1', '', ''),
    ('EMP0010', '0001-01-01T00:00:00Z', '0001-01-01T00:00:00Z', '2024-03-23', '11', '', ''),
    ('EMP0011', '2024-03-23T01:00:00Z', '2024-03-23T09:00:00Z', '2024-03-23', '-1', '', ''),
    ('EMP0011', '2024-03-24T01:00:00Z', '2024-03-24T09:00:00Z', '2024-03-24', '-1', '', ''),
    ('EMP0011', '2024-03-25T01:00:00Z', '2024-03-25T09:00:00Z', '2024-03-25', '-1', '', ''),
    ('EMP0011', '0001-01-01T00:00:00Z', '0001-01-01T00:00:00Z', '2024-03-25', '12', '', ''),
    ('EMP0012', '2024-03-25T01:00:00Z', '2024-03-25T09:00:00Z', '2024-03-25', '-1', '', ''),
    ('EMP0012', '2024-03-26T01:00:00Z', '2024-03-26T09:00:00Z', '2024-03-26', '-1', '', ''),
    ('EMP0012', '2024-03-27T01:00:00Z', '2024-03-27T09:00:00Z', '2024-03-27', '-1', '', ''),
    ('EMP0012', '0001-01-01T00:00:00Z', '0001-01-01T00:00:00Z', '2024-03-27', '13', '', ''),
    ('EMP0013', '2024-03-27T01:00:00Z', '2024-03-27T09:00:00Z', '2024-03-27', '-1', '', ''),
    ('EMP0013', '2024-03-28T01:00:00Z', '2024-03-28T09:00:00Z', '2024-03-28', '-1', '', ''),
    ('EMP0013', '2024-03-29T01:00:00Z', '2024-03-29T09:00:00Z', '2024-03-29', '-1', '', ''),
    ('EMP0013', '0001-01-01T00:00:00Z', '0001-01-01T00:00:00Z', '2024-03-29', '14', '', ''),
    ('EMP0014', '2024-03-29T01:00:00Z', '2024-03-29T09:00:00Z', '2024-03-29', '-1', '', ''),
    ('EMP0014', '2024-03-30T01:00:00Z', '2024-03-30T09:00:00Z', '2024-03-30', '-1', '', ''),
    ('EMP0014', '2024-04-01T01:00:00Z', '2024-04-01T09:00:00Z', '2024-04-01', '-1', '', ''),
    ('EMP0014', '0001-01-01T00:00:00Z', '0001-01-01T00:00:00Z', '2024-04-01', '15', '', ''),
    ('EMP0015', '2024-04-01T01:00:00Z', '2024-04-01T09:00:00Z', '2024-04-01', '-1', '', ''),
    ('EMP0015', '2024-04-02T01:00:00Z', '2024-04-02T09:00:00Z', '2024-04-02', '-1', '', ''),
    ('EMP0015', '2024-04-03T01:00:00Z', '2024-04-03T09:00:00Z', '2024-04-03', '-1', '', ''),
    ('EMP0015', '0001-01-01T00:00:00Z', '0001-01-01T00:00:00Z', '2024-04-03', '16', '', ''),
    ('EMP0016', '2024-04-03T01:00:00Z', '2024-04-03T09:00:00Z', '2024-04-03', '-1', '', ''),
    ('EMP0016', '2024-04-04T01:00:00Z', '2024-04-04T09:00:00Z', '2024-04-04', '-1', '', ''),
    ('EMP0016', '2024-04-05T01:00:00Z', '2024-04-05T09:00:00Z', '2024-04-05', '-1', '', ''),
    ('EMP0016', '0001-01-01T00:00:00Z', '0001-01-01T00:00:00Z', '2024-04-05', '17', '', ''),
    ('EMP0017', '2024-04-05T01:00:00Z', '2024-04-05T09:00:00Z', '2024-04-05', '-1', '', ''),
    ('EMP0017', '2024-04-06T01:00:00Z', '2024-04-06T09:00:00Z', '2024-04-06', '-1', '', ''),
    ('EMP0017', '2024-04-07T01:00:00Z', '2024-04-07T09:00:00Z', '2024-04-07', '-1', '', ''),
    ('EMP0017', '0001-01-01T00:00:00Z', '0001-01-01T00:00:00Z', '2024-04-07', '18', '', ''),
    ('EMP0018', '2024-04-07T01:00:00Z', '2024-04-07T09:00:00Z', '2024-04-07', '-1', '', ''),
    ('EMP0018', '2024-04-08T01:00:00Z', '2024-04-08T09:00:00Z', '2024-04-08', '-1', '', ''),
    ('EMP0018', '2024-04-09T01:00:00Z', '2024-04-09T09:00:00Z', '2024-04-09', '-1', '', ''),
    ('EMP0018', '0001-01-01T00:00:00Z', '0001-01-01T00:00:00Z', '2024-04-09', '19', '', ''),
    ('EMP0019', '2024-04-09T01:00:00Z', '2024-04-09T09:00:00Z', '2024-04-09', '-1', '', ''),
    ('EMP0019', '2024-04-10T01:00:00Z', '2024-04-10T09:00:00Z', '2024-04-10', '-1', '', ''),
    ('EMP0019', '2024-04-11T01:00:00Z', '2024-04-11T09:00:00Z', '2024-04-11', '-1', '', ''),
    ('EMP0019', '0001-01-01T00:00:00Z', '0001-01-01T00:00:00Z', '2024-04-11', '20', '', ''),
    ('EMP0020', '2024-04-11T01:00:00Z', '2024-04-11T09:00:00Z', '2024-04-11', '-1', '', ''),
    ('EMP0020', '2024-04-12T01:00:00Z', '2024-04-12T09:00:00Z', '2024-04-12', '-1', '', ''),
    ('EMP0020', '2024-04-13T01:00:00Z', '2024-04-13T09:00:00Z', '2024-04-13', '-1', '', ''),
    ('EMP0020', '0001-01-01T00:00:00Z', '0001-01-01T00:00:00Z', '2024-04-13', '21', '', ''),
    ('EMP0021', '2024-04-13T01:00:00Z', '2024-04-13T09:00:00Z', '2024-04-13', '-1', '', ''),
    ('EMP0021', '2024-04-14T01:00:00Z', '2024-04-14T09:00:00Z', '2024-04-14', '-1', '', ''),
    ('EMP0021', '2024-04-15T01:00:00Z', '2024-04-15T09:00:00Z', '2024-04-15', '-1', '', ''),
    ('EMP0021', '0001-01-01T00:00:00Z', '0001-01-01T00:00:00Z', '2024-04-15', '22', '', ''),
    ('EMP0022', '2024-04-15T01:00:00Z', '2024-04-15T09:00:00Z', '2024-04-15', '-1', '', ''),
    ('EMP0022', '2024-04-16T01:00:00Z', '2024-04-16T09:00:00Z', '2024-04-16', '-1', '', ''),
    ('EMP0022', '2024-04-17T01:00:00Z', '2024-04-17T09:00:00Z', '2024-04-17', '-1', '', ''),
    ('EMP0022', '0001-01-01T00:00:00Z', '0001-01-01T00:00:00Z', '2024-04-17', '23', '', ''),
    ('EMP0023', '2024-04-17T01:00:00Z', '2024-04-17T09:00:00Z', '2024-04-17', '-1', '', ''),
    ('EMP0023', '2024-04-18T01:00:00Z', '2024-04-18T09:00:00Z', '2024-04-18', '-1', '', ''),
    ('EMP0023', '2024-04-19T01:00:00Z', '2024-04-19T09:00:00Z', '2024-04-19', '-1', '', ''),
    ('EMP0023', '0001-01-01T00:00:00Z', '0001-01-01T00:00:00Z', '2024-04-19', '24', '', ''),
    ('EMP0024', '2024-04-19T01:00:00Z', '2024-04-19T09:00:00Z', '2024-04-19', '-1', '', ''),
    ('EMP0024', '2024-04-20T01:00:00Z', '2024-04-20T09:00:00Z', '2024-04-20', '-1', '', ''),
    ('EMP0024', '2024-04-21T01:00:00Z', '2024-04-21T09:00:00Z', '2024-04-21', '-1', '', ''),
    ('EMP0024', '0001-01-01T00:00:00Z', '0001-01-01T00:00:00Z', '2024-04-21', '25', '', ''),
    ('EMP0025', '2024-04-21T01:00:00Z', '2024-04-21T09:00:00Z', '2024-04-21', '-1', '', ''),
    ('EMP0025', '2024-04-22T01:00:00Z', '2024-04-22T09:00:00Z', '2024-04-22', '-1', '', ''),
    ('EMP0025', '2024-04-23T01:00:00Z', '2024-04-23T09:00:00Z', '2024-04-23', '-1', '', ''),
    ('EMP0025', '0001-01-01T00:00:00Z', '0001-01-01T00:00:00Z', '2024-04-23', '26', '', ''),
    ('EMP0026', '2024-04-23T01:00:00Z', '2024-04-23T09:00:00Z', '2024-04-23', '-1', '', ''),
    ('EMP0026', '2024-04-24T01:00:00Z', '2024-04-24T09:00:00Z', '2024-04-24', '-1', '', ''),
    ('EMP0026', '2024-04-25T01:00:00Z', '2024-04-25T09:00:00Z', '2024-04-25', '-1', '', ''),
    ('EMP0026', '0001-01-01T00:00:00Z', '0001-01-01T00:00:00Z', '2024-04-25', '27', '', ''),
    ('EMP0027', '2024-04-25T01:00:00Z', '2024-04-25T09:00:00Z', '2024-04-25', '-1', '', ''),
    ('EMP0027', '2024-04-26T01:00:00Z', '2024-04-26T09:00:00Z', '2024-04-26', '-1', '', ''),
    ('EMP0027', '2024-04-27T01:00:00Z', '2024-04-27T09:00:00Z', '2024-04-27', '-1', '', ''),
    ('EMP0027', '0001-01-01T00:00:00Z', '0001-01-01T00:00:00Z', '2024-04-27', '28', '', ''),
    ('EMP0028', '2024-04-27T01:00:00Z', '2024-04-27T09:00:00Z', '2024-04-27', '-1', '', ''),
    ('EMP0028', '2024-04-28T01:00:00Z', '2024-04-28T09:00:00Z', '2024-04-28', '-1', '', ''),
    ('EMP0028', '2024-04-29T01:00:00Z', '2024-04-29T09:00:00Z', '2024-04-29', '-1', '', ''),
    ('EMP0028', '0001-01-01T00:00:00Z', '0001-01-01T00:00:00Z', '2024-04-29', '29', '', ''),
    ('EMP0029', '2024-04-29T01:00:00Z', '2024-04-29T09:00:00Z', '2024-04-29', '-1', '', ''),
    ('EMP0029', '2024-04-30T01:00:00Z', '2024-04-30T09:00:00Z', '2024-04-30', '-1', '', ''),
    ('EMP0029', '2024-05-01T01:00:00Z', '2024-05-01T09:00:00Z', '2024-05-01', '-1', '', ''),
    ('EMP0029', '0001-01-01T00:00:00Z', '0001-01-01T00:00:00Z', '2024-05-01', '30', '', ''),
    ('EMP0030', '2024-05-01T01:00:00Z', '2024-05-01T09:00:00Z', '2024-05-01', '-1', '', ''),
    ('EMP0030', '2024-05-02T01:00:00Z', '2024-05-02T09:00:00Z', '2024-05-02', '-1', '', ''),
    ('EMP0030', '2024-05-03T01:00:00Z', '2024-05-03T09:00:00Z', '2024-05-03', '-1', '', ''),
    ('EMP0030', '0001-01-01T00:00:00Z', '0001-01-01T00:00:00Z', '2024-05-03', '31', '', ''),
    ('EMP0031', '2024-05-03T01:00:00Z', '2024-05-03T09:00:00Z', '2024-05-03', '-1', '', ''),
    ('EMP0031', '2024-05-04T01:00:00Z', '2024-05-04T09:00:00Z', '2024-05-04', '-1', '', ''),
    ('EMP0031', '2024-05-05T01:00:00Z', '2024-05-05T09:00:00Z', '2024-05-05', '-1', '', ''),
    ('EMP0031', '0001-01-01T00:00:00Z', '0001-01-01T00:00:00Z', '2024-05-05', '32', '', ''),
    ('EMP0032', '2024-05-05T01:00:00Z', '2024-05-05T09:00:00Z', '2024-05-05', '-1', '', ''),
    ('EMP0032', '2024-05-06T01:00:00Z', '2024-05-06T09:00:00Z', '2024-05-06', '-1', '', ''),
    ('EMP0032', '2024-05-07T01:00:00Z', '2024-05-07T09:00:00Z', '2024-05-07', '-1', '', ''),
    ('EMP0032', '0001-01-01T00:00:00Z', '0001-01-01T00:00:00Z', '2024-05-07', '33', '', ''),
    ('EMP0033', '2024-05-07T01:00:00Z', '2024-05-07T09:00:00Z', '2024-05-07', '-1', '', ''),
    ('EMP0033', '2024-05-08T01:00:00Z', '2024-05-08T09:00:00Z', '2024-05-08', '-1', '', ''),
    ('EMP0033', '2024-05-09T01:00:00Z', '2024-05-09T09:00:00Z', '2024-05-09', '-1', '', ''),
    ('EMP0033', '0001-01-01T00:00:00Z', '0001-01-01T00:00:00Z', '2024-05-09', '34', '', ''),
    ('EMP0034', '2024-05-09T01:00:00Z', '2024-05-09T09:00:00Z', '2024-05-09', '-1', '', ''),
    ('EMP0034', '2024-05-10T01:00:00Z', '2024-05-10T09:00:00Z', '2024-05-10', '-1', '', ''),
    ('EMP0034', '2024-05-11T01:00:00Z', '2024-05-11T09:00:00Z', '2024-05-11', '-1', '', ''),
    ('EMP0034', '0001-01-01T00:00:00Z', '0001-01-01T00:00:00Z', '2024-05-11', '35', '', ''),
    ('EMP0035', '2024-05-11T01:00:00Z', '2024-05-11T09:00:00Z', '2024-05-11', '-1', '', ''),
    ('EMP0035', '2024-05-12T01:00:00Z', '2024-05-12T09:00:00Z', '2024-05-12', '-1', '', ''),
    ('EMP0035', '2024-05-13T01:00:00Z', '2024-05-13T09:00:00Z', '2024-05-13', '-1', '', ''),
    ('EMP0035', '0001-01-01T00:00:00Z', '0001-01-01T00:00:00Z', '2024-05-13', '36', '', ''),
    ('EMP0036', '2024-05-13T01:00:00Z', '2024-05-13T09:00:00Z', '2024-05-13', '-1', '', ''),
    ('EMP0036', '2024-05-14T01:00:00Z', '2024-05-14T09:00:00Z', '2024-05-14', '-1', '', ''),
    ('EMP0036', '2024-05-15T01:00:00Z', '2024-05-15T09:00:00Z', '2024-05-15', '-1', '', ''),
    ('EMP0036', '0001-01-01T00:00:00Z', '0001-01-01T00:00:00Z', '2024-05-15', '37', '', ''),
    ('EMP0037', '2024-05-15T01:00:00Z', '2024-05-15T09:00:00Z', '2024-05-15', '-1', '', ''),
    ('EMP0037', '2024-05-16T01:00:00Z', '2024-05-16T09:00:00Z', '2024-05-16', '-1', '', ''),
    ('EMP0037', '2024-05-17T01:00:00Z', '2024-05-17T09:00:00Z', '2024-05-17', '-1', '', ''),
    ('EMP0037', '0001-01-01T00:00:00Z', '0001-01-01T00:00:00Z', '2024-05-17', '38', '', ''),
    ('EMP0038', '2024-05-17T01:00:00Z', '2024-05-17T09:00:00Z', '2024-05-17', '-1', '', ''),
    ('EMP0038', '2024-05-18T01:00:00Z', '2024-05-18T09:00:00Z', '2024-05-18', '-1', '', ''),
    ('EMP0038', '2024-05-19T01:00:00Z', '2024-05-19T09:00:00Z', '2024-05-19', '-1', '', ''),
    ('EMP0038', '0001-01-01T00:00:00Z', '0001-01-01T00:00:00Z', '2024-05-19', '39', '', ''),
    ('EMP0039', '2024-05-19T01:00:00Z', '2024-05-19T09:00:00Z', '2024-05-19', '-1', '', ''),
    ('EMP0039', '2024-05-20T01:00:00Z', '2024-05-20T09:00:00Z', '2024-05-20', '-1', '', ''),
    ('EMP0039', '2024-05-21T01:00:00Z', '2024-05-21T09:00:00Z', '2024-05-21', '-1', '', ''),
    ('EMP0039', '0001-01-01T00:00:00Z', '0001-01-01T00:00:00Z', '2024-05-21', '40', '', ''),
    ('EMP0040', '2024-05-21T01:00:00Z', '2024-05-21T09:00:00Z', '2024-05-21', '-1', '', ''),
    ('EMP0040', '2024-05-22T01:00:00Z', '2024-05-22T09:00:00Z', '2024-05-22', '-1', '', ''),
    ('EMP0040', '2024-05-23T01:00:00Z', '2024-05-23T09:00:00Z', '2024-05-23', '-1', '', ''),
    ('EMP0040', '0001-01-01T00:00:00Z', '0001-01-01T00:00:00Z', '2024-05-23', '41', '', ''),
    ('EMP0041', '2024-05-23T01:00:00Z', '2024-05-23T09:00:00Z', '2024-05-23', '-1', '', ''),
    ('EMP0041', '2024-05-24T01:00:00Z', '2024-05-24T09:00:00Z', '2024-05-24', '-1', '', ''),
    ('EMP0041', '2024-05-25T01:00:00Z', '2024-05-25T09:00:00Z', '2024-05-25', '-1', '', ''),
    ('EMP0041', '0001-01-01T00:00:00Z', '0001-01-01T00:00:00Z', '2024-05-25', '42', '', ''),
    ('EMP0042', '2024-05-25T01:00:00Z', '2024-05-25T09:00:00Z', '2024-05-25', '-1', '', ''),
    ('EMP0042', '2024-05-26T01:00:00Z', '2024-05-26T09:00:00Z', '2024-05-26', '-1', '', ''),
    ('EMP0042', '2024-05-27T01:00:00Z', '2024-05-27T09:00:00Z', '2024-05-27', '-1', '', ''),
    ('EMP0042', '0001-01-01T00:00:00Z', '0001-01-01T00:00:00Z', '2024-05-27', '43', '', ''),
    ('EMP0043', '2024-05-27T01:00:00Z', '2024-05-27T09:00:00Z', '2024-05-27', '-1', '', ''),
    ('EMP0043', '2024-05-28T01:00:00Z', '2024-05-28T09:00:00Z', '2024-05-28', '-1', '', ''),
    ('EMP0043', '2024-05-29T01:00:00Z', '2024-05-29T09:00:00Z', '2024-05-29', '-1', '', ''),
    ('EMP0043', '0001-01-01T00:00:00Z', '0001-01-01T00:00:00Z', '2024-05-29', '44', '', ''),
    ('EMP0044', '2024-05-29T01:00:00Z', '2024-05-29T09:00:00Z', '2024-05-29', '-1', '', ''),
    ('EMP0044', '2024-05-30T01:00:00Z', '2024-05-30T09:00:00Z', '2024-05-30', '-1', '', ''),
    ('EMP0044', '2024-06-01T01:00:00Z', '2024-06-01T09:00:00Z', '2024-06-01', '-1', '', ''),
    ('EMP0044', '0001-01-01T00:00:00Z', '0001-01-01T00:00:00Z', '2024-06-01', '45', '', ''),
    ('EMP0045', '2024-06-01T01:00:00Z', '2024-06-01T09:00:00Z', '2024-06-01', '-1', '', ''),
    ('EMP0045', '2024-06-02T01:00:00Z', '2024-06-02T09:00:00Z', '2024-06-02', '-1', '', ''),
    ('EMP0045', '2024-06-03T01:00:00Z', '2024-06-03T09:00:00Z', '2024-06-03', '-1', '', ''),
    ('EMP0045', '0001-01-01T00:00:00Z', '0001-01-01T00:00:00Z', '2024-06-03', '46', '', ''),
    ('EMP0046', '2024-06-03T01:00:00Z', '2024-06-03T09:00:00Z', '2024-06-03', '-1', '', ''),
    ('EMP0046', '2024-06-04T01:00:00Z', '2024-06-04T09:00:00Z', '2024-06-04', '-1', '', ''),
    ('EMP0046', '2024-06-05T01:00:00Z', '2024-06-05T09:00:00Z', '2024-06-05', '-1', '', ''),
    ('EMP0046', '0001-01-01T00:00:00Z', '0001-01-01T00:00:00Z', '2024-06-05', '47', '', ''),
    ('EMP0047', '2024-06-05T01:00:00Z', '2024-06-05T09:00:00Z', '2024-06-05', '-1', '', ''),
    ('EMP0047', '2024-06-06T01:00:00Z', '2024-06-06T09:00:00Z', '2024-06-06', '-1', '', ''),
    ('EMP0047', '2024-06-07T01:00:00Z', '2024-06-07T09:00:00Z', '2024-06-07', '-1', '', ''),
    ('EMP0047', '0001-01-01T00:00:00Z', '0001-01-01T00:00:00Z', '2024-06-07', '48', '', ''),
    ('EMP0048', '2024-06-07T01:00:00Z', '2024-06-07T09:00:00Z', '2024-06-07', '-1', '', ''),
    ('EMP0048', '2024-06-08T01:00:00Z', '2024-06-08T09:00:00Z', '2024-06-08', '-1', '', ''),
    ('EMP0048', '2024-06-09T01:00:00Z', '2024-06-09T09:00:00Z', '2024-06-09', '-1', '', ''),
    ('EMP0048', '0001-01-01T00:00:00Z', '0001-01-01T00:00:00Z', '2024-06-09', '49', '', ''),
    ('EMP0049', '2024-06-09T01:00:00Z', '2024-06-09T09:00:00Z', '2024-06-09', '-1', '', ''),
    ('EMP0049', '2024-06-10T01:00:00Z', '2024-06-10T09:00:00Z', '2024-06-10', '-1', '', ''),
    ('EMP0049', '2024-06-11T01:00:00Z', '2024-06-11T09:00:00Z', '2024-06-11', '-1', '', ''),
    ('EMP0049', '0001-01-01T00:00:00Z', '0001-01-01T00:00:00Z', '2024-06-11', '50', '', ''),
    ('EMP0050', '2024-06-11T01:00:00Z', '2024-06-11T09:00:00Z', '2024-06-11', '-1', '', ''),
    ('EMP0050', '2024-06-12T01:00:00Z', '2024-06-12T09:00:00Z', '2024-06-12', '-1', '', ''),
    ('EMP0050', '2024-06-13T01:00:00Z', '2024-06-13T09:00:00Z', '2024-06-13', '-1', '', ''),
    ('EMP0050', '0001-01-01T00:00:00Z', '0001-01-01T00:00:00Z', '2024-06-13', '51', '', ''),
    ('EMP0051', '2024-06-13T01:00:00Z', '2024-06-13T09:00:00Z', '2024-06-13', '-1', '', ''),
    ('EMP0051', '2024-06-14T01:00:00Z', '2024-06-14T09:00:00Z', '2024-06-14', '-1', '', ''),
    ('EMP0051', '2024-06-15T01:00:00Z', '2024-06-15T09:00:00Z', '2024-06-15', '-1', '', ''),
    ('EMP0051', '0001-01-01T00:00:00Z', '0001-01-01T00:00:00Z', '2024-06-15', '52', '', ''),
    ('EMP0052', '2024-06-15T01:00:00Z', '2024-06-15T09:00:00Z', '2024-06-15', '-1', '', ''),
    ('EMP0052', '2024-06-16T01:00:00Z', '2024-06-16T09:00:00Z', '2024-06-16', '-1', '', ''),
    ('EMP0052', '2024-06-17T01:00:00Z', '2024-06-17T09:00:00Z', '2024-06-17', '-1', '', ''),
    ('EMP0052', '0001-01-01T00:00:00Z', '0001-01-01T00:00:00Z', '2024-06-17', '53', '', ''),
    ('EMP0053', '2024-06-17T01:00:00Z', '2024-06-17T09:00:00Z', '2024-06-17', '-1', '', ''),
    ('EMP0053', '2024-06-18T01:00:00Z', '2024-06-18T09:00:00Z', '2024-06-18', '-1', '', ''),
    ('EMP0053', '2024-06-19T01:00:00Z', '2024-06-19T09:00:00Z', '2024-06-19', '-1', '', ''),
    ('EMP0053', '0001-01-01T00:00:00Z', '0001-01-01T00:00:00Z', '2024-06-19', '54', '', ''),
    ('EMP0054', '2024-06-19T01:00:00Z', '2024-06-19T09:00:00Z', '2024-06-19', '-1', '', ''),
    ('EMP0054', '2024-06-20T01:00:00Z', '2024-06-20T09:00:00Z', '2024-06-20', '-1', '', ''),
    ('EMP0054', '2024-06-21T01:00:00Z', '2024-06-21T09:00:00Z', '2024-06-21', '-1', '', ''),
    ('EMP0054', '0001-01-01T00:00:00Z', '0001-01-01T00:00:00Z', '2024-06-21', '55', '', ''),
    ('EMP0055', '2024-06-21T01:00:00Z', '2024-06-21T09:00:00Z', '2024-06-21', '-1', '', ''),
    ('EMP0055', '2024-06-22T01:00:00Z', '2024-06-22T09:00:00Z', '2024-06-22', '-1', '', ''),
    ('EMP0055', '2024-06-23T01:00:00Z', '2024-06-23T09:00:00Z', '2024-06-23', '-1', '', ''),
    ('EMP0055', '0001-01-01T00:00:00Z', '0001-01-01T00:00:00Z', '2024-06-23', '56', '', ''),
    ('EMP0056', '2024-06-23T01:00:00Z', '2024-06-23T09:00:00Z', '2024-06-23', '-1', '', ''),
    ('EMP0056', '2024-06-24T01:00:00Z', '2024-06-24T09:00:00Z', '2024-06-24', '-1', '', ''),
    ('EMP0056', '2024-06-25T01:00:00Z', '2024-06-25T09:00:00Z', '2024-06-25', '-1', '', ''),
    ('EMP0056', '0001-01-01T00:00:00Z', '0001-01-01T00:00:00Z', '2024-06-25', '57', '', ''),
    ('EMP0057', '2024-06-25T01:00:00Z', '2024-06-25T09:00:00Z', '2024-06-25', '-1', '', ''),
    ('EMP0057', '2024-06-26T01:00:00Z', '2024-06-26T09:00:00Z', '2024-06-26', '-1', '', ''),
    ('EMP0057', '2024-06-27T01:00:00Z', '2024-06-27T09:00:00Z', '2024-06-27', '-1', '', ''),
    ('EMP0057', '0001-01-01T00:00:00Z', '0001-01-01T00:00:00Z', '2024-06-27', '58', '', ''),
    ('EMP0058', '2024-06-27T01:00:00Z', '2024-06-27T09:00:00Z', '2024-06-27', '-1', '', ''),
    ('EMP0058', '2024-06-28T01:00:00Z', '2024-06-28T09:00:00Z', '2024-06-28', '-1', '', ''),
    ('EMP0058', '2024-06-29T01:00:00Z', '2024-06-29T09:00:00Z', '2024-06-29', '-1', '', ''),
    ('EMP0058', '0001-01-01T00:00:00Z', '0001-01-01T00:00:00Z', '2024-06-29', '59', '', ''),
    ('EMP0059', '2024-06-29T01:00:00Z', '2024-06-29T09:00:00Z', '2024-06-29', '-1', '', ''),
    ('EMP0059', '2024-06-30T01:00:00Z', '2024-06-30T09:00:00Z', '2024-06-30', '-1', '', ''),
    ('EMP0059', '2024-07-01T01:00:00Z', '2024-07-01T09:00:00Z', '2024-07-01', '-1', '', ''),
    ('EMP0059', '0001-01-01T00:00:00Z', '0001-01-01T00:00:00Z', '2024-07-01', '60', '', ''),
    ('EMP0060', '2024-07-01T01:00:00Z', '2024-07-01T09:00:00Z', '2024-07-01', '-1', '', ''),
    ('EMP0060', '2024-07-02T01:00:00Z', '2024-07-02T09:00:00Z', '2024-07-02', '-1', '', ''),
    ('EMP0060', '2024-07-03T01:00:00Z', '2024-07-03T09:00:00Z', '2024-07-03', '-1', '', ''),
    ('EMP0060', '0001-01-01T00:00:00Z', '0001-01-01T00:00:00Z', '2024-07-03', '61', '', ''),
    ('EMP0061', '2024-07-03T01:00:00Z', '2024-07-03T09:00:00Z', '2024-07-03', '-1', '', ''),
    ('EMP0061', '2024-07-04T01:00:00Z', '2024-07-04T09:00:00Z', '2024-07-04', '-1', '', ''),
    ('EMP0061', '2024-07-05T01:00:00Z', '2024-07-05T09:00:00Z', '2024-07-05', '-1', '', ''),
    ('EMP0061', '0001-01-01T00:00:00Z', '0001-01-01T00:00:00Z', '2024-07-05', '62', '', ''),
    ('EMP0062', '2024-07-05T01:00:00Z', '2024-07-05T09:00:00Z', '2024-07-05', '-1', '', ''),
    ('EMP0062', '2024-07-06T01:00:00Z', '2024-07-06T09:00:00Z', '2024-07-06', '-1', '', ''),
    ('EMP0062', '2024-07-07T01:00:00Z', '2024-07-07T09:00:00Z', '2024-07-07', '-1', '', ''),
    ('EMP0062', '0001-01-01T00:00:00Z', '0001-01-01T00:00:00Z', '2024-07-07', '63', '', ''),
    ('EMP0063', '2024-07-07T01:00:00Z', '2024-07-07T09:00:00Z', '2024-07-07', '-1', '', ''),
    ('EMP0063', '2024-07-08T01:00:00Z', '2024-07-08T09:00:00Z', '2024-07-08', '-1', '', ''),
    ('EMP0063', '2024-07-09T01:00:00Z', '2024-07-09T09:00:00Z', '2024-07-09', '-1', '', ''),
    ('EMP0063', '0001-01-01T00:00:00Z', '0001-01-01T00:00:00Z', '2024-07-09', '64', '', ''),
    ('EMP0064', '2024-07-09T01:00:00Z', '2024-07-09T09:00:00Z', '2024-07-09', '-1', '', ''),
    ('EMP0064', '2024-07-10T01:00:00Z', '2024-07-10T09:00:00Z', '2024-07-10', '-1', '', ''),
    ('EMP0064', '2024-07-11T01:00:00Z', '2024-07-11T09:00:00Z', '2024-07-11', '-1', '', ''),
    ('EMP0064', '0001-01-01T00:00:00Z', '0001-01-01T00:00:00Z', '2024-07-11', '65', '', ''),
    ('EMP0065', '2024-07-11T01:00:00Z', '2024-07-11T09:00:00Z', '2024-07-11', '-1', '', ''),
    ('EMP0065', '2024-07-12T01:00:00Z', '2024-07-12T09:00:00Z', '2024-07-12', '-1', '', ''),
    ('EMP0065', '2024-07-13T01:00:00Z', '2024-07-13T09:00:00Z', '2024-07-13', '-1', '', ''),
    ('EMP0065', '0001-01-01T00:00:00Z', '0001-01-01T00:00:00Z', '2024-07-13', '66', '', ''),
    ('EMP0066', '2024-07-13T01:00:00Z', '2024-07-13T09:00:00Z', '2024-07-13', '-1', '', ''),
    ('EMP0066', '2024-07-14T01:00:00Z', '2024-07-14T09:00:00Z', '2024-07-14', '-1', '', ''),
    ('EMP0066', '2024-07-15T01:00:00Z', '2024-07-15T09:00:00Z', '2024-07-15', '-1', '', ''),
    ('EMP0066', '0001-01-01T00:00:00Z', '0001-01-01T00:00:00Z', '2024-07-15', '67', '', ''),
    ('EMP0067', '2024-07-15T01:00:00Z', '2024-07-15T09:00:00Z', '2024-07-15', '-1', '', ''),
    ('EMP0067', '2024-07-16T01:00:00Z', '2024-07-16T09:00:00Z', '2024-07-16', '-1', '', ''),
    ('EMP0067', '2024-07-17T01:00:00Z', '2024-07-17T09:00:00Z', '2024-07-17', '-1', '', ''),
    ('EMP0067', '0001-01-01T00:00:00Z', '0001-01-01T00:00:00Z', '2024-07-17', '68', '', ''),
    ('EMP0068', '2024-07-17T01:00:00Z', '2024-07-17T09:00:00Z', '2024-07-17', '-1', '', ''),
    ('EMP0068', '2024-07-18T01:00:00Z', '2024-07-18T09:00:00Z', '2024-07-18', '-1', '', ''),
    ('EMP0068', '2024-07-19T01:00:00Z', '2024-07-19T09:00:00Z', '2024-07-19', '-1', '', ''),
    ('EMP0068', '0001-01-01T00:00:00Z', '0001-01-01T00:00:00Z', '2024-07-19', '69', '', ''),
    ('EMP0069', '2024-07-19T01:00:00Z', '2024-07-19T09:00:00Z', '2024-07-19', '-1', '', ''),
    ('EMP0069', '2024-07-20T01:00:00Z', '2024-07-20T09:00:00Z', '2024-07-20', '-1', '', ''),
    ('EMP0069', '2024-07-21T01:00:00Z', '2024-07-21T09:00:00Z', '2024-07-21', '-1', '', ''),
    ('EMP0069', '0001-01-01T00:00:00Z', '0001-01-01T00:00:00Z', '2024-07-21', '70', '', ''),
    ('EMP0070', '2024-07-21T01:00:00Z', '2024-07-21T09:00:00Z', '2024-07-21', '-1', '', ''),
    ('EMP0070', '2024-07-22T01:00:00Z', '2024-07-22T09:00:00Z', '2024-07-22', '-1', '', ''),
    ('EMP0070', '2024-07-23T01:00:00Z', '2024-07-23T09:00:00Z', '2024-07-23', '-1', '', ''),
    ('EMP0070', '0001-01-01T00:00:00Z', '0001-01-01T00:00:00Z', '2024-07-23', '71', '', ''),
    ('EMP0071', '2024-07-23T01:00:00Z', '2024-07-23T09:00:00Z', '2024-07-23', '-1', '', ''),
    ('EMP0071', '2024-07-24T01:00:00Z', '2024-07-24T09:00:00Z', '2024-07-24', '-1', '', ''),
    ('EMP0071', '2024-07-25T01:00:00Z', '2024-07-25T09:00:00Z', '2024-07-25', '-1', '', ''),
    ('EMP0071', '0001-01-01T00:00:00Z', '0001-01-01T00:00:00Z', '2024-07-25', '72', '', ''),
    ('EMP0072', '2024-07-25T01:00:00Z', '2024-07-25T09:00:00Z', '2024-07-25', '-1', '', ''),
    ('EMP0072', '2024-07-26T01:00:00Z', '2024-07-26T09:00:00Z', '2024-07-26', '-1', '', ''),
    ('EMP0072', '2024-07-27T01:00:00Z', '2024-07-27T09:00:00Z', '2024-07-27', '-1', '', ''),
    ('EMP0072', '0001-01-01T00:00:00Z', '0001-01-01T00:00:00Z', '2024-07-27', '73', '', ''),
    ('EMP0073', '2024-07-27T01:00:00Z', '2024-07-27T09:00:00Z', '2024-07-27', '-1', '', ''),
    ('EMP0073', '2024-07-28T01:00:00Z', '2024-07-28T09:00:00Z', '2024-07-28', '-1', '', ''),
    ('EMP0073', '2024-07-29T01:00:00Z', '2024-07-29T09:00:00Z', '2024-07-29', '-1', '', ''),
    ('EMP0073', '0001-01-01T00:00:00Z', '0001-01-01T00:00:00Z', '2024-07-29', '74', '', ''),
    ('EMP0074', '2024-07-29T01:00:00Z', '2024-07-29T09:00:00Z', '2024-07-29', '-1', '', ''),
    ('EMP0074', '2024-07-30T01:00:00Z', '2024-07-30T09:00:00Z', '2024-07-30', '-1', '', ''),
    ('EMP0074', '2024-08-01T01:00:00Z', '2024-08-01T09:00:00Z', '2024-08-01', '-1', '', ''),
    ('EMP0074', '0001-01-01T00:00:00Z', '0001-01-01T00:00:00Z', '2024-08-01', '75', '', ''),
    ('EMP0075', '2024-08-01T01:00:00Z', '2024-08-01T09:00:00Z', '2024-08-01', '-1', '', ''),
    ('EMP0075', '2024-08-02T01:00:00Z', '2024-08-02T09:00:00Z', '2024-08-02', '-1', '', ''),
    ('EMP0075', '2024-08-03T01:00:00Z', '2024-08-03T09:00:00Z', '2024-08-03', '-1', '', ''),
    ('EMP0075', '0001-01-01T00:00:00Z', '0001-01-01T00:00:00Z', '2024-08-03', '76', '', ''),
    ('EMP0076', '2024-08-03T01:00:00Z', '2024-08-03T09:00:00Z', '2024-08-03', '-1', '', ''),
    ('EMP0076', '2024-08-04T01:00:00Z', '2024-08-04T09:00:00Z', '2024-08-04', '-1', '', ''),
    ('EMP0076', '2024-08-05T01:00:00Z', '2024-08-05T09:00:00Z', '2024-08-05', '-1', '', ''),
    ('EMP0076', '0001-01-01T00:00:00Z', '0001-01-01T00:00:00Z', '2024-08-05', '77', '', ''),
    ('EMP0077', '2024-08-05T01:00:00Z', '2024-08-05T09:00:00Z', '2024-08-05', '-1', '', ''),
    ('EMP0077', '2024-08-06T01:00:00Z', '2024-08-06T09:00:00Z', '2024-08-06', '-1', '', ''),
    ('EMP0077', '2024-08-07T01:00:00Z', '2024-08-07T09:00:00Z', '2024-08-07', '-1', '', ''),
    ('EMP0077', '0001-01-01T00:00:00Z', '0001-01-01T00:00:00Z', '2024-08-07', '78', '', ''),
    ('EMP0078', '2024-08-07T01:00:00Z', '2024-08-07T09:00:00Z', '2024-08-07', '-1', '', ''),
    ('EMP0078', '2024-08-08T01:00:00Z', '2024-08-08T09:00:00Z', '2024-08-08', '-1', '', ''),
    ('EMP0078', '2024-08-09T01:00:00Z', '2024-08-09T09:00:00Z', '2024-08-09', '-1', '', ''),
    ('EMP0078', '0001-01-01T00:00:00Z', '0001-01-01T00:00:00Z', '2024-08-09', '79', '', ''),
    ('EMP0079', '2024-08-09T01:00:00Z', '2024-08-09T09:00:00Z', '2024-08-09', '-1', '', ''),
    ('EMP0079', '2024-08-10T01:00:00Z', '2024-08-10T09:00:00Z', '2024-08-10', '-1', '', ''),
    ('EMP0079', '2024-08-11T01:00:00Z', '2024-08-11T09:00:00Z', '2024-08-11', '-1', '', ''),
    ('EMP0079', '0001-01-01T00:00:00Z', '0001-01-01T00:00:00Z', '2024-08-11', '80', '', ''),
    ('EMP0080', '2024-08-11T01:00:00Z', '2024-08-11T09:00:00Z', '2024-08-11', '-1', '', ''),
    ('EMP0080', '2024-08-12T01:00:00Z', '2024-08-12T09:00:00Z', '2024-08-12', '-1', '', ''),
    ('EMP0080', '2024-08-13T01:00:00Z', '2024-08-13T09:00:00Z', '2024-08-13', '-1', '', ''),
    ('EMP0080', '0001-01-01T00:00:00Z', '0001-01-01T00:00:00Z', '2024-08-13', '81', '', ''),
    ('EMP0081', '2024-08-13T01:00:00Z', '2024-08-13T09:00:00Z', '2024-08-13', '-1', '', ''),
    ('EMP0081', '2024-08-14T01:00:00Z', '2024-08-14T09:00:00Z', '2024-08-14', '-1', '', ''),
    ('EMP0081', '2024-08-15T01:00:00Z', '2024-08-15T09:00:00Z', '2024-08-15', '-1', '', ''),
    ('EMP0081', '0001-01-01T00:00:00Z', '0001-01-01T00:00:00Z', '2024-08-15', '82', '', ''),
    ('EMP0082', '2024-08-15T01:00:00Z', '2024-08-15T09:00:00Z', '2024-08-15', '-1', '', ''),
    ('EMP0082', '2024-08-16T01:00:00Z', '2024-08-16T09:00:00Z', '2024-08-16', '-1', '', ''),
    ('EMP0082', '2024-08-17T01:00:00Z', '2024-08-17T09:00:00Z', '2024-08-17', '-1', '', ''),
    ('EMP0082', '0001-01-01T00:00:00Z', '0001-01-01T00:00:00Z', '2024-08-17', '83', '', ''),
    ('EMP0083', '2024-08-17T01:00:00Z', '2024-08-17T09:00:00Z', '2024-08-17', '-1', '', ''),
    ('EMP0083', '2024-08-18T01:00:00Z', '2024-08-18T09:00:00Z', '2024-08-18', '-1', '', ''),
    ('EMP0083', '2024-08-19T01:00:00Z', '2024-08-19T09:00:00Z', '2024-08-19', '-1', '', ''),
    ('EMP0083', '0001-01-01T00:00:00Z', '0001-01-01T00:00:00Z', '2024-08-19', '84', '', ''),
    ('EMP0084', '2024-08-19T01:00:00Z', '2024-08-19T09:00:00Z', '2024-08-19', '-1', '', ''),
    ('EMP0084', '2024-08-20T01:00:00Z', '2024-08-20T09:00:00Z', '2024-08-20', '-1', '', ''),
    ('EMP0084', '2024-08-21T01:00:00Z', '2024-08-21T09:00:00Z', '2024-08-21', '-1', '', ''),
    ('EMP0084', '0001-01-01T00:00:00Z', '0001-01-01T00:00:00Z', '2024-08-21', '85', '', ''),
    ('EMP0085', '2024-08-21T01:00:00Z', '2024-08-21T09:00:00Z', '2024-08-21', '-1', '', ''),
    ('EMP0085', '2024-08-22T01:00:00Z', '2024-08-22T09:00:00Z', '2024-08-22', '-1', '', ''),
    ('EMP0085', '2024-08-23T01:00:00Z', '2024-08-23T09:00:00Z', '2024-08-23', '-1', '', ''),
    ('EMP0085', '0001-01-01T00:00:00Z', '0001-01-01T00:00:00Z', '2024-08-23', '86', '', ''),
    ('EMP0086', '2024-08-23T01:00:00Z', '2024-08-23T09:00:00Z', '2024-08-23', '-1', '', ''),
    ('EMP0086', '2024-08-24T01:00:00Z', '2024-08-24T09:00:00Z', '2024-08-24', '-1', '', ''),
    ('EMP0086', '2024-08-25T01:00:00Z', '2024-08-25T09:00:00Z', '2024-08-25', '-1', '', ''),
    ('EMP0086', '0001-01-01T00:00:00Z', '0001-01-01T00:00:00Z', '2024-08-25', '87', '', ''),
    ('EMP0087', '2024-08-25T01:00:00Z', '2024-08-25T09:00:00Z', '2024-08-25', '-1', '', ''),
    ('EMP0087', '2024-08-26T01:00:00Z', '2024-08-26T09:00:00Z', '2024-08-26', '-1', '', ''),
    ('EMP0087', '2024-08-27T01:00:00Z', '2024-08-27T09:00:00Z', '2024-08-27', '-1', '', ''),
    ('EMP0087', '0001-01-01T00:00:00Z', '0001-01-01T00:00:00Z', '2024-08-27', '88', '', ''),
    ('EMP0088', '2024-08-27T01:00:00Z', '2024-08-27T09:00:00Z', '2024-08-27', '-1', '', ''),
    ('EMP0088', '2024-08-28T01:00:00Z', '2024-08-28T09:00:00Z', '2024-08-28', '-1', '', ''),
    ('EMP0088', '2024-08-29T01:00:00Z', '2024-08-29T09:00:00Z', '2024-08-29', '-1', '', ''),
    ('EMP0088', '0001-01-01T00:00:00Z', '0001-01-01T00:00:00Z', '2024-08-29', '89', '', ''),
    ('EMP0089', '2024-08-29T01:00:00Z', '2024-08-29T09:00:00Z', '2024-08-29', '-1', '', ''),
    ('EMP0089', '2024-08-30T01:00:00Z', '2024-08-30T09:00:00Z', '2024-08-30', '-1', '', ''),
    ('EMP0089', '2024-09-01T01:00:00Z', '2024-09-01T09:00:00Z', '2024-09-01', '-1', '', ''),
    ('EMP0089', '0001-01-01T00:00:00Z', '0001-01-01T00:00:00Z', '2024-09-01', '90', '', ''),
    ('EMP0090', '2024-09-01T01:00:00Z', '2024-09-01T09:00:00Z', '2024-09-01', '-1', '', ''),
    ('EMP0090', '2024-09-02T01:00:00Z', '2024-09-02T09:00:00Z', '2024-09-02', '-1', '', ''),
    ('EMP0090', '2024-09-03T01:00:00Z', '2024-09-03T09:00:00Z', '2024-09-03', '-1', '', ''),
    ('EMP0090', '0001-01-01T00:00:00Z', '0001-01-01T00:00:00Z', '2024-09-03', '91', '', ''),
    ('EMP0091', '2024-09-03T01:00:00Z', '2024-09-03T09:00:00Z', '2024-09-03', '-1', '', ''),
    ('EMP0091', '2024-09-04T01:00:00Z', '2024-09-04T09:00:00Z', '2024-09-04', '-1', '', ''),
    ('EMP0091', '2024-09-05T01:00:00Z', '2024-09-05T09:00:00Z', '2024-09-05', '-1', '', ''),
    ('EMP0091', '0001-01-01T00:00:00Z', '0001-01-01T00:00:00Z', '2024-09-05', '92', '', ''),
    ('EMP0092', '2024-09-05T01:00:00Z', '2024-09-05T09:00:00Z', '2024-09-05', '-1', '', ''),
    ('EMP0092', '2024-09-06T01:00:00Z', '2024-09-06T09:00:00Z', '2024-09-06', '-1', '', ''),
    ('EMP0092', '2024-09-07T01:00:00Z', '2024-09-07T09:00:00Z', '2024-09-07', '-1', '', ''),
    ('EMP0092', '0001-01-01T00:00:00Z', '0001-01-01T00:00:00Z', '2024-09-07', '93', '', ''),
    ('EMP0093', '2024-09-07T01:00:00Z', '2024-09-07T09:00:00Z', '2024-09-07', '-1', '', ''),
    ('EMP0093', '2024-09-08T01:00:00Z', '2024-09-08T09:00:00Z', '2024-09-08', '-1', '', ''),
    ('EMP0093', '2024-09-09T01:00:00Z', '2024-09-09T09:00:00Z', '2024-09-09', '-1', '', ''),
    ('EMP0093', '0001-01-01T00:00:00Z', '0001-01-01T00:00:00Z', '2024-09-09', '94', '', ''),
    ('EMP0094', '2024-09-09T01:00:00Z', '2024-09-09T09:00:00Z', '2024-09-09', '-1', '', ''),
    ('EMP0094', '2024-09-10T01:00:00Z', '2024-09-10T09:00:00Z', '2024-09-10', '-1', '', ''),
    ('EMP0094', '2024-09-11T01:00:00Z', '2024-09-11T09:00:00Z', '2024-09-11', '-1', '', ''),
    ('EMP0094', '0001-01-01T00:00:00Z', '0001-01-01T00:00:00Z', '2024-09-11', '95', '', ''),
    ('EMP0095', '2024-09-11T01:00:00Z', '2024-09-11T09:00:00Z', '2024-09-11', '-1', '', ''),
    ('EMP0095', '2024-09-12T01:00:00Z', '2024-09-12T09:00:00Z', '2024-09-12', '-1', '', ''),
    ('EMP0095', '2024-09-13T01:00:00Z', '2024-09-13T09:00:00Z', '2024-09-13', '-1', '', ''),
    ('EMP0095', '0001-01-01T00:00:00Z', '0001-01-01T00:00:00Z', '2024-09-13', '96', '', ''),
    ('EMP0096', '2024-09-13T01:00:00Z', '2024-09-13T09:00:00Z', '2024-09-13', '-1', '', ''),
    ('EMP0096', '2024-09-14T01:00:00Z', '2024-09-14T09:00:00Z', '2024-09-14', '-1', '', ''),
    ('EMP0096', '2024-09-15T01:00:00Z', '2024-09-15T09:00:00Z', '2024-09-15', '-1', '', ''),
    ('EMP0096', '0001-01-01T00:00:00Z', '0001-01-01T00:00:00Z', '2024-09-15', '97', '', ''),
    ('EMP0097', '2024-09-15T01:00:00Z', '2024-09-15T09:00:00Z', '2024-09-15', '-1', '', ''),
    ('EMP0097', '2024-09-16T01:00:00Z', '2024-09-16T09:00:00Z', '2024-09-16', '-1', '', ''),
    ('EMP0097', '2024-09-17T01:00:00Z', '2024-09-17T09:00:00Z', '2024-09-17', '-1', '', ''),
    ('EMP0097', '0001-01-01T00:00:00Z', '0001-01-01T00:00:00Z', '2024-09-17', '98', '', ''),
    ('EMP0098', '2024-09-17T01:00:00Z', '2024-09-17T09:00:00Z', '2024-09-17', '-1', '', ''),
    ('EMP0098', '2024-09-18T01:00:00Z', '2024-09-18T09:00:00Z', '2024-09-18', '-1', '', ''),
    ('EMP0098', '2024-09-19T01:00:00Z', '2024-09-19T09:00:00Z', '2024-09-19', '-1', '', ''),
    ('EMP0098', '0001-01-01T00:00:00Z', '0001-01-01T00:00:00Z', '2024-09-19', '99', '', ''),
    ('EMP0099', '2024-09-19T01:00:00Z', '2024-09-19T09:00:00Z', '2024-09-19', '-1', '', ''),
    ('EMP0099', '2024-09-20T01:00:00Z', '2024-09-20T09:00:00Z', '2024-09-20', '-1', '', ''),
    ('EMP0099', '2024-09-21T01:00:00Z', '2024-09-21T09:00:00Z', '2024-09-21', '-1', '', ''),
    ('EMP0099', '0001-01-01T00:00:00Z', '0001-01-01T00:00:00Z', '2024-09-21', '100', '', '');

CREATE DATABASE leave
    ENCODING 'UTF8';

\c leave;

DROP TABLE IF EXISTS leaves;


CREATE TABLE leaves (
                       id SERIAL PRIMARY KEY,
                       employee_id VARCHAR(255) NOT NULL,
                       date_start TIMESTAMP NOT NULL,
                       date_end TIMESTAMP NOT NULL,
                       reason VARCHAR(255),
                       category VARCHAR(255) NOT NULL,
                       manager_opinion VARCHAR(255),
                       status VARCHAR(255) NOT NULL,
                       manager VARCHAR(255),
                       employee_name VARCHAR(255),
                       employee_lastname VARCHAR(255)
);

INSERT INTO leaves
(employee_id, date_start, date_end, reason, category, manager_opinion, status, manager, employee_name, employee_lastname)
VALUES
    ('EMP0000', '2024-03-05T01:00:00Z', '2024-03-05T09:00:00Z', 'Reason0', 'Annual Leave', 'Opinion0', 'pending', 'Manager0', '', ''),
    ('EMP0000', '2024-03-06T01:00:00Z', '2024-03-06T09:00:00Z', 'Reason0', 'Annual Leave', 'Opinion0', 'approved', 'Manager0', '', ''),
    ('EMP0000', '2024-03-07T01:00:00Z', '2024-03-07T09:00:00Z', 'Reason0', 'Annual Leave', 'Opinion0', 'denied', 'Manager0', '', ''),
    ('EMP0001', '2024-03-08T01:00:00Z', '2024-03-08T09:00:00Z', 'Reason1', 'Casual Leave', 'Opinion1', 'pending', 'Manager1', '', ''),
    ('EMP0001', '2024-03-09T01:00:00Z', '2024-03-09T09:00:00Z', 'Reason1', 'Casual Leave', 'Opinion1', 'approved', 'Manager1', '', ''),
    ('EMP0001', '2024-03-10T01:00:00Z', '2024-03-10T09:00:00Z', 'Reason1', 'Casual Leave', 'Opinion1', 'denied', 'Manager1', '', ''),
    ('EMP0002', '2024-03-11T01:00:00Z', '2024-03-11T09:00:00Z', 'Reason2', 'Sick Leave', 'Opinion2', 'pending', 'Manager2', '', ''),
    ('EMP0002', '2024-03-12T01:00:00Z', '2024-03-12T09:00:00Z', 'Reason2', 'Sick Leave', 'Opinion2', 'approved', 'Manager2', '', ''),
    ('EMP0002', '2024-03-13T01:00:00Z', '2024-03-13T09:00:00Z', 'Reason2', 'Sick Leave', 'Opinion2', 'denied', 'Manager2', '', ''),
    ('EMP0003', '2024-03-14T01:00:00Z', '2024-03-14T09:00:00Z', 'Reason3', 'Maternity Leave', 'Opinion3', 'pending', 'Manager3', '', ''),
    ('EMP0003', '2024-03-15T01:00:00Z', '2024-03-15T09:00:00Z', 'Reason3', 'Maternity Leave', 'Opinion3', 'approved', 'Manager3', '', ''),
    ('EMP0003', '2024-03-16T01:00:00Z', '2024-03-16T09:00:00Z', 'Reason3', 'Maternity Leave', 'Opinion3', 'denied', 'Manager3', '', ''),
    ('EMP0004', '2024-03-17T01:00:00Z', '2024-03-17T09:00:00Z', 'Reason4', 'Unpaid Leave', 'Opinion4', 'pending', 'Manager4', '', ''),
    ('EMP0004', '2024-03-18T01:00:00Z', '2024-03-18T09:00:00Z', 'Reason4', 'Unpaid Leave', 'Opinion4', 'approved', 'Manager4', '', ''),
    ('EMP0004', '2024-03-19T01:00:00Z', '2024-03-19T09:00:00Z', 'Reason4', 'Unpaid Leave', 'Opinion4', 'denied', 'Manager4', '', ''),
    ('EMP0005', '2024-03-20T01:00:00Z', '2024-03-20T09:00:00Z', 'Reason5', 'Annual Leave', 'Opinion5', 'pending', 'Manager0', '', ''),
    ('EMP0005', '2024-03-21T01:00:00Z', '2024-03-21T09:00:00Z', 'Reason5', 'Annual Leave', 'Opinion5', 'approved', 'Manager0', '', ''),
    ('EMP0005', '2024-03-22T01:00:00Z', '2024-03-22T09:00:00Z', 'Reason5', 'Annual Leave', 'Opinion5', 'denied', 'Manager0', '', ''),
    ('EMP0006', '2024-03-23T01:00:00Z', '2024-03-23T09:00:00Z', 'Reason6', 'Casual Leave', 'Opinion6', 'pending', 'Manager1', '', ''),
    ('EMP0006', '2024-03-24T01:00:00Z', '2024-03-24T09:00:00Z', 'Reason6', 'Casual Leave', 'Opinion6', 'approved', 'Manager1', '', ''),
    ('EMP0006', '2024-03-25T01:00:00Z', '2024-03-25T09:00:00Z', 'Reason6', 'Casual Leave', 'Opinion6', 'denied', 'Manager1', '', ''),
    ('EMP0007', '2024-03-26T01:00:00Z', '2024-03-26T09:00:00Z', 'Reason7', 'Sick Leave', 'Opinion7', 'pending', 'Manager2', '', ''),
    ('EMP0007', '2024-03-27T01:00:00Z', '2024-03-27T09:00:00Z', 'Reason7', 'Sick Leave', 'Opinion7', 'approved', 'Manager2', '', ''),
    ('EMP0007', '2024-03-28T01:00:00Z', '2024-03-28T09:00:00Z', 'Reason7', 'Sick Leave', 'Opinion7', 'denied', 'Manager2', '', ''),
    ('EMP0008', '2024-03-29T01:00:00Z', '2024-03-29T09:00:00Z', 'Reason8', 'Maternity Leave', 'Opinion8', 'pending', 'Manager3', '', ''),
    ('EMP0008', '2024-03-30T01:00:00Z', '2024-03-30T09:00:00Z', 'Reason8', 'Maternity Leave', 'Opinion8', 'approved', 'Manager3', '', ''),
    ('EMP0008', '2024-04-01T01:00:00Z', '2024-04-01T09:00:00Z', 'Reason8', 'Maternity Leave', 'Opinion8', 'denied', 'Manager3', '', ''),
    ('EMP0009', '2024-04-02T01:00:00Z', '2024-04-02T09:00:00Z', 'Reason9', 'Unpaid Leave', 'Opinion9', 'pending', 'Manager4', '', ''),
    ('EMP0009', '2024-04-03T01:00:00Z', '2024-04-03T09:00:00Z', 'Reason9', 'Unpaid Leave', 'Opinion9', 'approved', 'Manager4', '', ''),
    ('EMP0009', '2024-04-04T01:00:00Z', '2024-04-04T09:00:00Z', 'Reason9', 'Unpaid Leave', 'Opinion9', 'denied', 'Manager4', '', ''),
    ('EMP0010', '2024-04-05T01:00:00Z', '2024-04-05T09:00:00Z', 'Reason10', 'Annual Leave', 'Opinion10', 'pending', 'Manager0', '', ''),
    ('EMP0010', '2024-04-06T01:00:00Z', '2024-04-06T09:00:00Z', 'Reason10', 'Annual Leave', 'Opinion10', 'approved', 'Manager0', '', ''),
    ('EMP0010', '2024-04-07T01:00:00Z', '2024-04-07T09:00:00Z', 'Reason10', 'Annual Leave', 'Opinion10', 'denied', 'Manager0', '', ''),
    ('EMP0011', '2024-04-08T01:00:00Z', '2024-04-08T09:00:00Z', 'Reason11', 'Casual Leave', 'Opinion11', 'pending', 'Manager1', '', ''),
    ('EMP0011', '2024-04-09T01:00:00Z', '2024-04-09T09:00:00Z', 'Reason11', 'Casual Leave', 'Opinion11', 'approved', 'Manager1', '', ''),
    ('EMP0011', '2024-04-10T01:00:00Z', '2024-04-10T09:00:00Z', 'Reason11', 'Casual Leave', 'Opinion11', 'denied', 'Manager1', '', ''),
    ('EMP0012', '2024-04-11T01:00:00Z', '2024-04-11T09:00:00Z', 'Reason12', 'Sick Leave', 'Opinion12', 'pending', 'Manager2', '', ''),
    ('EMP0012', '2024-04-12T01:00:00Z', '2024-04-12T09:00:00Z', 'Reason12', 'Sick Leave', 'Opinion12', 'approved', 'Manager2', '', ''),
    ('EMP0012', '2024-04-13T01:00:00Z', '2024-04-13T09:00:00Z', 'Reason12', 'Sick Leave', 'Opinion12', 'denied', 'Manager2', '', ''),
    ('EMP0013', '2024-04-14T01:00:00Z', '2024-04-14T09:00:00Z', 'Reason13', 'Maternity Leave', 'Opinion13', 'pending', 'Manager3', '', ''),
    ('EMP0013', '2024-04-15T01:00:00Z', '2024-04-15T09:00:00Z', 'Reason13', 'Maternity Leave', 'Opinion13', 'approved', 'Manager3', '', ''),
    ('EMP0013', '2024-04-16T01:00:00Z', '2024-04-16T09:00:00Z', 'Reason13', 'Maternity Leave', 'Opinion13', 'denied', 'Manager3', '', ''),
    ('EMP0014', '2024-04-17T01:00:00Z', '2024-04-17T09:00:00Z', 'Reason14', 'Unpaid Leave', 'Opinion14', 'pending', 'Manager4', '', ''),
    ('EMP0014', '2024-04-18T01:00:00Z', '2024-04-18T09:00:00Z', 'Reason14', 'Unpaid Leave', 'Opinion14', 'approved', 'Manager4', '', ''),
    ('EMP0014', '2024-04-19T01:00:00Z', '2024-04-19T09:00:00Z', 'Reason14', 'Unpaid Leave', 'Opinion14', 'denied', 'Manager4', '', ''),
    ('EMP0015', '2024-04-20T01:00:00Z', '2024-04-20T09:00:00Z', 'Reason15', 'Annual Leave', 'Opinion15', 'pending', 'Manager0', '', ''),
    ('EMP0015', '2024-04-21T01:00:00Z', '2024-04-21T09:00:00Z', 'Reason15', 'Annual Leave', 'Opinion15', 'approved', 'Manager0', '', ''),
    ('EMP0015', '2024-04-22T01:00:00Z', '2024-04-22T09:00:00Z', 'Reason15', 'Annual Leave', 'Opinion15', 'denied', 'Manager0', '', ''),
    ('EMP0016', '2024-04-23T01:00:00Z', '2024-04-23T09:00:00Z', 'Reason16', 'Casual Leave', 'Opinion16', 'pending', 'Manager1', '', ''),
    ('EMP0016', '2024-04-24T01:00:00Z', '2024-04-24T09:00:00Z', 'Reason16', 'Casual Leave', 'Opinion16', 'approved', 'Manager1', '', ''),
    ('EMP0016', '2024-04-25T01:00:00Z', '2024-04-25T09:00:00Z', 'Reason16', 'Casual Leave', 'Opinion16', 'denied', 'Manager1', '', ''),
    ('EMP0017', '2024-04-26T01:00:00Z', '2024-04-26T09:00:00Z', 'Reason17', 'Sick Leave', 'Opinion17', 'pending', 'Manager2', '', ''),
    ('EMP0017', '2024-04-27T01:00:00Z', '2024-04-27T09:00:00Z', 'Reason17', 'Sick Leave', 'Opinion17', 'approved', 'Manager2', '', ''),
    ('EMP0017', '2024-04-28T01:00:00Z', '2024-04-28T09:00:00Z', 'Reason17', 'Sick Leave', 'Opinion17', 'denied', 'Manager2', '', ''),
    ('EMP0018', '2024-04-29T01:00:00Z', '2024-04-29T09:00:00Z', 'Reason18', 'Maternity Leave', 'Opinion18', 'pending', 'Manager3', '', ''),
    ('EMP0018', '2024-04-30T01:00:00Z', '2024-04-30T09:00:00Z', 'Reason18', 'Maternity Leave', 'Opinion18', 'approved', 'Manager3', '', ''),
    ('EMP0018', '2024-05-01T01:00:00Z', '2024-05-01T09:00:00Z', 'Reason18', 'Maternity Leave', 'Opinion18', 'denied', 'Manager3', '', ''),
    ('EMP0019', '2024-05-02T01:00:00Z', '2024-05-02T09:00:00Z', 'Reason19', 'Unpaid Leave', 'Opinion19', 'pending', 'Manager4', '', ''),
    ('EMP0019', '2024-05-03T01:00:00Z', '2024-05-03T09:00:00Z', 'Reason19', 'Unpaid Leave', 'Opinion19', 'approved', 'Manager4', '', ''),
    ('EMP0019', '2024-05-04T01:00:00Z', '2024-05-04T09:00:00Z', 'Reason19', 'Unpaid Leave', 'Opinion19', 'denied', 'Manager4', '', ''),
    ('EMP0020', '2024-05-05T01:00:00Z', '2024-05-05T09:00:00Z', 'Reason20', 'Annual Leave', 'Opinion20', 'pending', 'Manager0', '', ''),
    ('EMP0020', '2024-05-06T01:00:00Z', '2024-05-06T09:00:00Z', 'Reason20', 'Annual Leave', 'Opinion20', 'approved', 'Manager0', '', ''),
    ('EMP0020', '2024-05-07T01:00:00Z', '2024-05-07T09:00:00Z', 'Reason20', 'Annual Leave', 'Opinion20', 'denied', 'Manager0', '', ''),
    ('EMP0021', '2024-05-08T01:00:00Z', '2024-05-08T09:00:00Z', 'Reason21', 'Casual Leave', 'Opinion21', 'pending', 'Manager1', '', ''),
    ('EMP0021', '2024-05-09T01:00:00Z', '2024-05-09T09:00:00Z', 'Reason21', 'Casual Leave', 'Opinion21', 'approved', 'Manager1', '', ''),
    ('EMP0021', '2024-05-10T01:00:00Z', '2024-05-10T09:00:00Z', 'Reason21', 'Casual Leave', 'Opinion21', 'denied', 'Manager1', '', ''),
    ('EMP0022', '2024-05-11T01:00:00Z', '2024-05-11T09:00:00Z', 'Reason22', 'Sick Leave', 'Opinion22', 'pending', 'Manager2', '', ''),
    ('EMP0022', '2024-05-12T01:00:00Z', '2024-05-12T09:00:00Z', 'Reason22', 'Sick Leave', 'Opinion22', 'approved', 'Manager2', '', ''),
    ('EMP0022', '2024-05-13T01:00:00Z', '2024-05-13T09:00:00Z', 'Reason22', 'Sick Leave', 'Opinion22', 'denied', 'Manager2', '', ''),
    ('EMP0023', '2024-05-14T01:00:00Z', '2024-05-14T09:00:00Z', 'Reason23', 'Maternity Leave', 'Opinion23', 'pending', 'Manager3', '', ''),
    ('EMP0023', '2024-05-15T01:00:00Z', '2024-05-15T09:00:00Z', 'Reason23', 'Maternity Leave', 'Opinion23', 'approved', 'Manager3', '', ''),
    ('EMP0023', '2024-05-16T01:00:00Z', '2024-05-16T09:00:00Z', 'Reason23', 'Maternity Leave', 'Opinion23', 'denied', 'Manager3', '', ''),
    ('EMP0024', '2024-05-17T01:00:00Z', '2024-05-17T09:00:00Z', 'Reason24', 'Unpaid Leave', 'Opinion24', 'pending', 'Manager4', '', ''),
    ('EMP0024', '2024-05-18T01:00:00Z', '2024-05-18T09:00:00Z', 'Reason24', 'Unpaid Leave', 'Opinion24', 'approved', 'Manager4', '', ''),
    ('EMP0024', '2024-05-19T01:00:00Z', '2024-05-19T09:00:00Z', 'Reason24', 'Unpaid Leave', 'Opinion24', 'denied', 'Manager4', '', ''),
    ('EMP0025', '2024-05-20T01:00:00Z', '2024-05-20T09:00:00Z', 'Reason25', 'Annual Leave', 'Opinion25', 'pending', 'Manager0', '', ''),
    ('EMP0025', '2024-05-21T01:00:00Z', '2024-05-21T09:00:00Z', 'Reason25', 'Annual Leave', 'Opinion25', 'approved', 'Manager0', '', ''),
    ('EMP0025', '2024-05-22T01:00:00Z', '2024-05-22T09:00:00Z', 'Reason25', 'Annual Leave', 'Opinion25', 'denied', 'Manager0', '', ''),
    ('EMP0026', '2024-05-23T01:00:00Z', '2024-05-23T09:00:00Z', 'Reason26', 'Casual Leave', 'Opinion26', 'pending', 'Manager1', '', ''),
    ('EMP0026', '2024-05-24T01:00:00Z', '2024-05-24T09:00:00Z', 'Reason26', 'Casual Leave', 'Opinion26', 'approved', 'Manager1', '', ''),
    ('EMP0026', '2024-05-25T01:00:00Z', '2024-05-25T09:00:00Z', 'Reason26', 'Casual Leave', 'Opinion26', 'denied', 'Manager1', '', ''),
    ('EMP0027', '2024-05-26T01:00:00Z', '2024-05-26T09:00:00Z', 'Reason27', 'Sick Leave', 'Opinion27', 'pending', 'Manager2', '', ''),
    ('EMP0027', '2024-05-27T01:00:00Z', '2024-05-27T09:00:00Z', 'Reason27', 'Sick Leave', 'Opinion27', 'approved', 'Manager2', '', ''),
    ('EMP0027', '2024-05-28T01:00:00Z', '2024-05-28T09:00:00Z', 'Reason27', 'Sick Leave', 'Opinion27', 'denied', 'Manager2', '', ''),
    ('EMP0028', '2024-05-29T01:00:00Z', '2024-05-29T09:00:00Z', 'Reason28', 'Maternity Leave', 'Opinion28', 'pending', 'Manager3', '', ''),
    ('EMP0028', '2024-05-30T01:00:00Z', '2024-05-30T09:00:00Z', 'Reason28', 'Maternity Leave', 'Opinion28', 'approved', 'Manager3', '', ''),
    ('EMP0028', '2024-06-01T01:00:00Z', '2024-06-01T09:00:00Z', 'Reason28', 'Maternity Leave', 'Opinion28', 'denied', 'Manager3', '', ''),
    ('EMP0029', '2024-06-02T01:00:00Z', '2024-06-02T09:00:00Z', 'Reason29', 'Unpaid Leave', 'Opinion29', 'pending', 'Manager4', '', ''),
    ('EMP0029', '2024-06-03T01:00:00Z', '2024-06-03T09:00:00Z', 'Reason29', 'Unpaid Leave', 'Opinion29', 'approved', 'Manager4', '', ''),
    ('EMP0029', '2024-06-04T01:00:00Z', '2024-06-04T09:00:00Z', 'Reason29', 'Unpaid Leave', 'Opinion29', 'denied', 'Manager4', '', ''),
    ('EMP0030', '2024-06-05T01:00:00Z', '2024-06-05T09:00:00Z', 'Reason30', 'Annual Leave', 'Opinion30', 'pending', 'Manager0', '', ''),
    ('EMP0030', '2024-06-06T01:00:00Z', '2024-06-06T09:00:00Z', 'Reason30', 'Annual Leave', 'Opinion30', 'approved', 'Manager0', '', ''),
    ('EMP0030', '2024-06-07T01:00:00Z', '2024-06-07T09:00:00Z', 'Reason30', 'Annual Leave', 'Opinion30', 'denied', 'Manager0', '', ''),
    ('EMP0031', '2024-06-08T01:00:00Z', '2024-06-08T09:00:00Z', 'Reason31', 'Casual Leave', 'Opinion31', 'pending', 'Manager1', '', ''),
    ('EMP0031', '2024-06-09T01:00:00Z', '2024-06-09T09:00:00Z', 'Reason31', 'Casual Leave', 'Opinion31', 'approved', 'Manager1', '', ''),
    ('EMP0031', '2024-06-10T01:00:00Z', '2024-06-10T09:00:00Z', 'Reason31', 'Casual Leave', 'Opinion31', 'denied', 'Manager1', '', ''),
    ('EMP0032', '2024-06-11T01:00:00Z', '2024-06-11T09:00:00Z', 'Reason32', 'Sick Leave', 'Opinion32', 'pending', 'Manager2', '', ''),
    ('EMP0032', '2024-06-12T01:00:00Z', '2024-06-12T09:00:00Z', 'Reason32', 'Sick Leave', 'Opinion32', 'approved', 'Manager2', '', ''),
    ('EMP0032', '2024-06-13T01:00:00Z', '2024-06-13T09:00:00Z', 'Reason32', 'Sick Leave', 'Opinion32', 'denied', 'Manager2', '', ''),
    ('EMP0033', '2024-06-14T01:00:00Z', '2024-06-14T09:00:00Z', 'Reason33', 'Maternity Leave', 'Opinion33', 'pending', 'Manager3', '', ''),
    ('EMP0033', '2024-06-15T01:00:00Z', '2024-06-15T09:00:00Z', 'Reason33', 'Maternity Leave', 'Opinion33', 'approved', 'Manager3', '', ''),
    ('EMP0033', '2024-06-16T01:00:00Z', '2024-06-16T09:00:00Z', 'Reason33', 'Maternity Leave', 'Opinion33', 'denied', 'Manager3', '', ''),
    ('EMP0034', '2024-06-17T01:00:00Z', '2024-06-17T09:00:00Z', 'Reason34', 'Unpaid Leave', 'Opinion34', 'pending', 'Manager4', '', ''),
    ('EMP0034', '2024-06-18T01:00:00Z', '2024-06-18T09:00:00Z', 'Reason34', 'Unpaid Leave', 'Opinion34', 'approved', 'Manager4', '', ''),
    ('EMP0034', '2024-06-19T01:00:00Z', '2024-06-19T09:00:00Z', 'Reason34', 'Unpaid Leave', 'Opinion34', 'denied', 'Manager4', '', ''),
    ('EMP0035', '2024-06-20T01:00:00Z', '2024-06-20T09:00:00Z', 'Reason35', 'Annual Leave', 'Opinion35', 'pending', 'Manager0', '', ''),
    ('EMP0035', '2024-06-21T01:00:00Z', '2024-06-21T09:00:00Z', 'Reason35', 'Annual Leave', 'Opinion35', 'approved', 'Manager0', '', ''),
    ('EMP0035', '2024-06-22T01:00:00Z', '2024-06-22T09:00:00Z', 'Reason35', 'Annual Leave', 'Opinion35', 'denied', 'Manager0', '', ''),
    ('EMP0036', '2024-06-23T01:00:00Z', '2024-06-23T09:00:00Z', 'Reason36', 'Casual Leave', 'Opinion36', 'pending', 'Manager1', '', ''),
    ('EMP0036', '2024-06-24T01:00:00Z', '2024-06-24T09:00:00Z', 'Reason36', 'Casual Leave', 'Opinion36', 'approved', 'Manager1', '', ''),
    ('EMP0036', '2024-06-25T01:00:00Z', '2024-06-25T09:00:00Z', 'Reason36', 'Casual Leave', 'Opinion36', 'denied', 'Manager1', '', ''),
    ('EMP0037', '2024-06-26T01:00:00Z', '2024-06-26T09:00:00Z', 'Reason37', 'Sick Leave', 'Opinion37', 'pending', 'Manager2', '', ''),
    ('EMP0037', '2024-06-27T01:00:00Z', '2024-06-27T09:00:00Z', 'Reason37', 'Sick Leave', 'Opinion37', 'approved', 'Manager2', '', ''),
    ('EMP0037', '2024-06-28T01:00:00Z', '2024-06-28T09:00:00Z', 'Reason37', 'Sick Leave', 'Opinion37', 'denied', 'Manager2', '', ''),
    ('EMP0038', '2024-06-29T01:00:00Z', '2024-06-29T09:00:00Z', 'Reason38', 'Maternity Leave', 'Opinion38', 'pending', 'Manager3', '', ''),
    ('EMP0038', '2024-06-30T01:00:00Z', '2024-06-30T09:00:00Z', 'Reason38', 'Maternity Leave', 'Opinion38', 'approved', 'Manager3', '', ''),
    ('EMP0038', '2024-07-01T01:00:00Z', '2024-07-01T09:00:00Z', 'Reason38', 'Maternity Leave', 'Opinion38', 'denied', 'Manager3', '', ''),
    ('EMP0039', '2024-07-02T01:00:00Z', '2024-07-02T09:00:00Z', 'Reason39', 'Unpaid Leave', 'Opinion39', 'pending', 'Manager4', '', ''),
    ('EMP0039', '2024-07-03T01:00:00Z', '2024-07-03T09:00:00Z', 'Reason39', 'Unpaid Leave', 'Opinion39', 'approved', 'Manager4', '', ''),
    ('EMP0039', '2024-07-04T01:00:00Z', '2024-07-04T09:00:00Z', 'Reason39', 'Unpaid Leave', 'Opinion39', 'denied', 'Manager4', '', ''),
    ('EMP0040', '2024-07-05T01:00:00Z', '2024-07-05T09:00:00Z', 'Reason40', 'Annual Leave', 'Opinion40', 'pending', 'Manager0', '', ''),
    ('EMP0040', '2024-07-06T01:00:00Z', '2024-07-06T09:00:00Z', 'Reason40', 'Annual Leave', 'Opinion40', 'approved', 'Manager0', '', ''),
    ('EMP0040', '2024-07-07T01:00:00Z', '2024-07-07T09:00:00Z', 'Reason40', 'Annual Leave', 'Opinion40', 'denied', 'Manager0', '', ''),
    ('EMP0041', '2024-07-08T01:00:00Z', '2024-07-08T09:00:00Z', 'Reason41', 'Casual Leave', 'Opinion41', 'pending', 'Manager1', '', ''),
    ('EMP0041', '2024-07-09T01:00:00Z', '2024-07-09T09:00:00Z', 'Reason41', 'Casual Leave', 'Opinion41', 'approved', 'Manager1', '', ''),
    ('EMP0041', '2024-07-10T01:00:00Z', '2024-07-10T09:00:00Z', 'Reason41', 'Casual Leave', 'Opinion41', 'denied', 'Manager1', '', ''),
    ('EMP0042', '2024-07-11T01:00:00Z', '2024-07-11T09:00:00Z', 'Reason42', 'Sick Leave', 'Opinion42', 'pending', 'Manager2', '', ''),
    ('EMP0042', '2024-07-12T01:00:00Z', '2024-07-12T09:00:00Z', 'Reason42', 'Sick Leave', 'Opinion42', 'approved', 'Manager2', '', ''),
    ('EMP0042', '2024-07-13T01:00:00Z', '2024-07-13T09:00:00Z', 'Reason42', 'Sick Leave', 'Opinion42', 'denied', 'Manager2', '', ''),
    ('EMP0043', '2024-07-14T01:00:00Z', '2024-07-14T09:00:00Z', 'Reason43', 'Maternity Leave', 'Opinion43', 'pending', 'Manager3', '', ''),
    ('EMP0043', '2024-07-15T01:00:00Z', '2024-07-15T09:00:00Z', 'Reason43', 'Maternity Leave', 'Opinion43', 'approved', 'Manager3', '', ''),
    ('EMP0043', '2024-07-16T01:00:00Z', '2024-07-16T09:00:00Z', 'Reason43', 'Maternity Leave', 'Opinion43', 'denied', 'Manager3', '', ''),
    ('EMP0044', '2024-07-17T01:00:00Z', '2024-07-17T09:00:00Z', 'Reason44', 'Unpaid Leave', 'Opinion44', 'pending', 'Manager4', '', ''),
    ('EMP0044', '2024-07-18T01:00:00Z', '2024-07-18T09:00:00Z', 'Reason44', 'Unpaid Leave', 'Opinion44', 'approved', 'Manager4', '', ''),
    ('EMP0044', '2024-07-19T01:00:00Z', '2024-07-19T09:00:00Z', 'Reason44', 'Unpaid Leave', 'Opinion44', 'denied', 'Manager4', '', ''),
    ('EMP0045', '2024-07-20T01:00:00Z', '2024-07-20T09:00:00Z', 'Reason45', 'Annual Leave', 'Opinion45', 'pending', 'Manager0', '', ''),
    ('EMP0045', '2024-07-21T01:00:00Z', '2024-07-21T09:00:00Z', 'Reason45', 'Annual Leave', 'Opinion45', 'approved', 'Manager0', '', ''),
    ('EMP0045', '2024-07-22T01:00:00Z', '2024-07-22T09:00:00Z', 'Reason45', 'Annual Leave', 'Opinion45', 'denied', 'Manager0', '', ''),
    ('EMP0046', '2024-07-23T01:00:00Z', '2024-07-23T09:00:00Z', 'Reason46', 'Casual Leave', 'Opinion46', 'pending', 'Manager1', '', ''),
    ('EMP0046', '2024-07-24T01:00:00Z', '2024-07-24T09:00:00Z', 'Reason46', 'Casual Leave', 'Opinion46', 'approved', 'Manager1', '', ''),
    ('EMP0046', '2024-07-25T01:00:00Z', '2024-07-25T09:00:00Z', 'Reason46', 'Casual Leave', 'Opinion46', 'denied', 'Manager1', '', ''),
    ('EMP0047', '2024-07-26T01:00:00Z', '2024-07-26T09:00:00Z', 'Reason47', 'Sick Leave', 'Opinion47', 'pending', 'Manager2', '', ''),
    ('EMP0047', '2024-07-27T01:00:00Z', '2024-07-27T09:00:00Z', 'Reason47', 'Sick Leave', 'Opinion47', 'approved', 'Manager2', '', ''),
    ('EMP0047', '2024-07-28T01:00:00Z', '2024-07-28T09:00:00Z', 'Reason47', 'Sick Leave', 'Opinion47', 'denied', 'Manager2', '', ''),
    ('EMP0048', '2024-07-29T01:00:00Z', '2024-07-29T09:00:00Z', 'Reason48', 'Maternity Leave', 'Opinion48', 'pending', 'Manager3', '', ''),
    ('EMP0048', '2024-07-30T01:00:00Z', '2024-07-30T09:00:00Z', 'Reason48', 'Maternity Leave', 'Opinion48', 'approved', 'Manager3', '', ''),
    ('EMP0048', '2024-08-01T01:00:00Z', '2024-08-01T09:00:00Z', 'Reason48', 'Maternity Leave', 'Opinion48', 'denied', 'Manager3', '', ''),
    ('EMP0049', '2024-08-02T01:00:00Z', '2024-08-02T09:00:00Z', 'Reason49', 'Unpaid Leave', 'Opinion49', 'pending', 'Manager4', '', ''),
    ('EMP0049', '2024-08-03T01:00:00Z', '2024-08-03T09:00:00Z', 'Reason49', 'Unpaid Leave', 'Opinion49', 'approved', 'Manager4', '', ''),
    ('EMP0049', '2024-08-04T01:00:00Z', '2024-08-04T09:00:00Z', 'Reason49', 'Unpaid Leave', 'Opinion49', 'denied', 'Manager4', '', ''),
    ('EMP0050', '2024-08-05T01:00:00Z', '2024-08-05T09:00:00Z', 'Reason50', 'Annual Leave', 'Opinion50', 'pending', 'Manager0', '', ''),
    ('EMP0050', '2024-08-06T01:00:00Z', '2024-08-06T09:00:00Z', 'Reason50', 'Annual Leave', 'Opinion50', 'approved', 'Manager0', '', ''),
    ('EMP0050', '2024-08-07T01:00:00Z', '2024-08-07T09:00:00Z', 'Reason50', 'Annual Leave', 'Opinion50', 'denied', 'Manager0', '', ''),
    ('EMP0051', '2024-08-08T01:00:00Z', '2024-08-08T09:00:00Z', 'Reason51', 'Casual Leave', 'Opinion51', 'pending', 'Manager1', '', ''),
    ('EMP0051', '2024-08-09T01:00:00Z', '2024-08-09T09:00:00Z', 'Reason51', 'Casual Leave', 'Opinion51', 'approved', 'Manager1', '', ''),
    ('EMP0051', '2024-08-10T01:00:00Z', '2024-08-10T09:00:00Z', 'Reason51', 'Casual Leave', 'Opinion51', 'denied', 'Manager1', '', ''),
    ('EMP0052', '2024-08-11T01:00:00Z', '2024-08-11T09:00:00Z', 'Reason52', 'Sick Leave', 'Opinion52', 'pending', 'Manager2', '', ''),
    ('EMP0052', '2024-08-12T01:00:00Z', '2024-08-12T09:00:00Z', 'Reason52', 'Sick Leave', 'Opinion52', 'approved', 'Manager2', '', ''),
    ('EMP0052', '2024-08-13T01:00:00Z', '2024-08-13T09:00:00Z', 'Reason52', 'Sick Leave', 'Opinion52', 'denied', 'Manager2', '', ''),
    ('EMP0053', '2024-08-14T01:00:00Z', '2024-08-14T09:00:00Z', 'Reason53', 'Maternity Leave', 'Opinion53', 'pending', 'Manager3', '', ''),
    ('EMP0053', '2024-08-15T01:00:00Z', '2024-08-15T09:00:00Z', 'Reason53', 'Maternity Leave', 'Opinion53', 'approved', 'Manager3', '', ''),
    ('EMP0053', '2024-08-16T01:00:00Z', '2024-08-16T09:00:00Z', 'Reason53', 'Maternity Leave', 'Opinion53', 'denied', 'Manager3', '', ''),
    ('EMP0054', '2024-08-17T01:00:00Z', '2024-08-17T09:00:00Z', 'Reason54', 'Unpaid Leave', 'Opinion54', 'pending', 'Manager4', '', ''),
    ('EMP0054', '2024-08-18T01:00:00Z', '2024-08-18T09:00:00Z', 'Reason54', 'Unpaid Leave', 'Opinion54', 'approved', 'Manager4', '', ''),
    ('EMP0054', '2024-08-19T01:00:00Z', '2024-08-19T09:00:00Z', 'Reason54', 'Unpaid Leave', 'Opinion54', 'denied', 'Manager4', '', ''),
    ('EMP0055', '2024-08-20T01:00:00Z', '2024-08-20T09:00:00Z', 'Reason55', 'Annual Leave', 'Opinion55', 'pending', 'Manager0', '', ''),
    ('EMP0055', '2024-08-21T01:00:00Z', '2024-08-21T09:00:00Z', 'Reason55', 'Annual Leave', 'Opinion55', 'approved', 'Manager0', '', ''),
    ('EMP0055', '2024-08-22T01:00:00Z', '2024-08-22T09:00:00Z', 'Reason55', 'Annual Leave', 'Opinion55', 'denied', 'Manager0', '', ''),
    ('EMP0056', '2024-08-23T01:00:00Z', '2024-08-23T09:00:00Z', 'Reason56', 'Casual Leave', 'Opinion56', 'pending', 'Manager1', '', ''),
    ('EMP0056', '2024-08-24T01:00:00Z', '2024-08-24T09:00:00Z', 'Reason56', 'Casual Leave', 'Opinion56', 'approved', 'Manager1', '', ''),
    ('EMP0056', '2024-08-25T01:00:00Z', '2024-08-25T09:00:00Z', 'Reason56', 'Casual Leave', 'Opinion56', 'denied', 'Manager1', '', ''),
    ('EMP0057', '2024-08-26T01:00:00Z', '2024-08-26T09:00:00Z', 'Reason57', 'Sick Leave', 'Opinion57', 'pending', 'Manager2', '', ''),
    ('EMP0057', '2024-08-27T01:00:00Z', '2024-08-27T09:00:00Z', 'Reason57', 'Sick Leave', 'Opinion57', 'approved', 'Manager2', '', ''),
    ('EMP0057', '2024-08-28T01:00:00Z', '2024-08-28T09:00:00Z', 'Reason57', 'Sick Leave', 'Opinion57', 'denied', 'Manager2', '', ''),
    ('EMP0058', '2024-08-29T01:00:00Z', '2024-08-29T09:00:00Z', 'Reason58', 'Maternity Leave', 'Opinion58', 'pending', 'Manager3', '', ''),
    ('EMP0058', '2024-08-30T01:00:00Z', '2024-08-30T09:00:00Z', 'Reason58', 'Maternity Leave', 'Opinion58', 'approved', 'Manager3', '', ''),
    ('EMP0058', '2024-09-01T01:00:00Z', '2024-09-01T09:00:00Z', 'Reason58', 'Maternity Leave', 'Opinion58', 'denied', 'Manager3', '', ''),
    ('EMP0059', '2024-09-02T01:00:00Z', '2024-09-02T09:00:00Z', 'Reason59', 'Unpaid Leave', 'Opinion59', 'pending', 'Manager4', '', ''),
    ('EMP0059', '2024-09-03T01:00:00Z', '2024-09-03T09:00:00Z', 'Reason59', 'Unpaid Leave', 'Opinion59', 'approved', 'Manager4', '', ''),
    ('EMP0059', '2024-09-04T01:00:00Z', '2024-09-04T09:00:00Z', 'Reason59', 'Unpaid Leave', 'Opinion59', 'denied', 'Manager4', '', ''),
    ('EMP0060', '2024-09-05T01:00:00Z', '2024-09-05T09:00:00Z', 'Reason60', 'Annual Leave', 'Opinion60', 'pending', 'Manager0', '', ''),
    ('EMP0060', '2024-09-06T01:00:00Z', '2024-09-06T09:00:00Z', 'Reason60', 'Annual Leave', 'Opinion60', 'approved', 'Manager0', '', ''),
    ('EMP0060', '2024-09-07T01:00:00Z', '2024-09-07T09:00:00Z', 'Reason60', 'Annual Leave', 'Opinion60', 'denied', 'Manager0', '', ''),
    ('EMP0061', '2024-09-08T01:00:00Z', '2024-09-08T09:00:00Z', 'Reason61', 'Casual Leave', 'Opinion61', 'pending', 'Manager1', '', ''),
    ('EMP0061', '2024-09-09T01:00:00Z', '2024-09-09T09:00:00Z', 'Reason61', 'Casual Leave', 'Opinion61', 'approved', 'Manager1', '', ''),
    ('EMP0061', '2024-09-10T01:00:00Z', '2024-09-10T09:00:00Z', 'Reason61', 'Casual Leave', 'Opinion61', 'denied', 'Manager1', '', ''),
    ('EMP0062', '2024-09-11T01:00:00Z', '2024-09-11T09:00:00Z', 'Reason62', 'Sick Leave', 'Opinion62', 'pending', 'Manager2', '', ''),
    ('EMP0062', '2024-09-12T01:00:00Z', '2024-09-12T09:00:00Z', 'Reason62', 'Sick Leave', 'Opinion62', 'approved', 'Manager2', '', ''),
    ('EMP0062', '2024-09-13T01:00:00Z', '2024-09-13T09:00:00Z', 'Reason62', 'Sick Leave', 'Opinion62', 'denied', 'Manager2', '', ''),
    ('EMP0063', '2024-09-14T01:00:00Z', '2024-09-14T09:00:00Z', 'Reason63', 'Maternity Leave', 'Opinion63', 'pending', 'Manager3', '', ''),
    ('EMP0063', '2024-09-15T01:00:00Z', '2024-09-15T09:00:00Z', 'Reason63', 'Maternity Leave', 'Opinion63', 'approved', 'Manager3', '', ''),
    ('EMP0063', '2024-09-16T01:00:00Z', '2024-09-16T09:00:00Z', 'Reason63', 'Maternity Leave', 'Opinion63', 'denied', 'Manager3', '', ''),
    ('EMP0064', '2024-09-17T01:00:00Z', '2024-09-17T09:00:00Z', 'Reason64', 'Unpaid Leave', 'Opinion64', 'pending', 'Manager4', '', ''),
    ('EMP0064', '2024-09-18T01:00:00Z', '2024-09-18T09:00:00Z', 'Reason64', 'Unpaid Leave', 'Opinion64', 'approved', 'Manager4', '', ''),
    ('EMP0064', '2024-09-19T01:00:00Z', '2024-09-19T09:00:00Z', 'Reason64', 'Unpaid Leave', 'Opinion64', 'denied', 'Manager4', '', ''),
    ('EMP0065', '2024-09-20T01:00:00Z', '2024-09-20T09:00:00Z', 'Reason65', 'Annual Leave', 'Opinion65', 'pending', 'Manager0', '', ''),
    ('EMP0065', '2024-09-21T01:00:00Z', '2024-09-21T09:00:00Z', 'Reason65', 'Annual Leave', 'Opinion65', 'approved', 'Manager0', '', ''),
    ('EMP0065', '2024-09-22T01:00:00Z', '2024-09-22T09:00:00Z', 'Reason65', 'Annual Leave', 'Opinion65', 'denied', 'Manager0', '', ''),
    ('EMP0066', '2024-09-23T01:00:00Z', '2024-09-23T09:00:00Z', 'Reason66', 'Casual Leave', 'Opinion66', 'pending', 'Manager1', '', ''),
    ('EMP0066', '2024-09-24T01:00:00Z', '2024-09-24T09:00:00Z', 'Reason66', 'Casual Leave', 'Opinion66', 'approved', 'Manager1', '', ''),
    ('EMP0066', '2024-09-25T01:00:00Z', '2024-09-25T09:00:00Z', 'Reason66', 'Casual Leave', 'Opinion66', 'denied', 'Manager1', '', ''),
    ('EMP0067', '2024-09-26T01:00:00Z', '2024-09-26T09:00:00Z', 'Reason67', 'Sick Leave', 'Opinion67', 'pending', 'Manager2', '', ''),
    ('EMP0067', '2024-09-27T01:00:00Z', '2024-09-27T09:00:00Z', 'Reason67', 'Sick Leave', 'Opinion67', 'approved', 'Manager2', '', ''),
    ('EMP0067', '2024-09-28T01:00:00Z', '2024-09-28T09:00:00Z', 'Reason67', 'Sick Leave', 'Opinion67', 'denied', 'Manager2', '', ''),
    ('EMP0068', '2024-09-29T01:00:00Z', '2024-09-29T09:00:00Z', 'Reason68', 'Maternity Leave', 'Opinion68', 'pending', 'Manager3', '', ''),
    ('EMP0068', '2024-09-30T01:00:00Z', '2024-09-30T09:00:00Z', 'Reason68', 'Maternity Leave', 'Opinion68', 'approved', 'Manager3', '', ''),
    ('EMP0068', '2024-10-01T01:00:00Z', '2024-10-01T09:00:00Z', 'Reason68', 'Maternity Leave', 'Opinion68', 'denied', 'Manager3', '', ''),
    ('EMP0069', '2024-10-02T01:00:00Z', '2024-10-02T09:00:00Z', 'Reason69', 'Unpaid Leave', 'Opinion69', 'pending', 'Manager4', '', ''),
    ('EMP0069', '2024-10-03T01:00:00Z', '2024-10-03T09:00:00Z', 'Reason69', 'Unpaid Leave', 'Opinion69', 'approved', 'Manager4', '', ''),
    ('EMP0069', '2024-10-04T01:00:00Z', '2024-10-04T09:00:00Z', 'Reason69', 'Unpaid Leave', 'Opinion69', 'denied', 'Manager4', '', ''),
    ('EMP0070', '2024-10-05T01:00:00Z', '2024-10-05T09:00:00Z', 'Reason70', 'Annual Leave', 'Opinion70', 'pending', 'Manager0', '', ''),
    ('EMP0070', '2024-10-06T01:00:00Z', '2024-10-06T09:00:00Z', 'Reason70', 'Annual Leave', 'Opinion70', 'approved', 'Manager0', '', ''),
    ('EMP0070', '2024-10-07T01:00:00Z', '2024-10-07T09:00:00Z', 'Reason70', 'Annual Leave', 'Opinion70', 'denied', 'Manager0', '', ''),
    ('EMP0071', '2024-10-08T01:00:00Z', '2024-10-08T09:00:00Z', 'Reason71', 'Casual Leave', 'Opinion71', 'pending', 'Manager1', '', ''),
    ('EMP0071', '2024-10-09T01:00:00Z', '2024-10-09T09:00:00Z', 'Reason71', 'Casual Leave', 'Opinion71', 'approved', 'Manager1', '', ''),
    ('EMP0071', '2024-10-10T01:00:00Z', '2024-10-10T09:00:00Z', 'Reason71', 'Casual Leave', 'Opinion71', 'denied', 'Manager1', '', ''),
    ('EMP0072', '2024-10-11T01:00:00Z', '2024-10-11T09:00:00Z', 'Reason72', 'Sick Leave', 'Opinion72', 'pending', 'Manager2', '', ''),
    ('EMP0072', '2024-10-12T01:00:00Z', '2024-10-12T09:00:00Z', 'Reason72', 'Sick Leave', 'Opinion72', 'approved', 'Manager2', '', ''),
    ('EMP0072', '2024-10-13T01:00:00Z', '2024-10-13T09:00:00Z', 'Reason72', 'Sick Leave', 'Opinion72', 'denied', 'Manager2', '', ''),
    ('EMP0073', '2024-10-14T01:00:00Z', '2024-10-14T09:00:00Z', 'Reason73', 'Maternity Leave', 'Opinion73', 'pending', 'Manager3', '', ''),
    ('EMP0073', '2024-10-15T01:00:00Z', '2024-10-15T09:00:00Z', 'Reason73', 'Maternity Leave', 'Opinion73', 'approved', 'Manager3', '', ''),
    ('EMP0073', '2024-10-16T01:00:00Z', '2024-10-16T09:00:00Z', 'Reason73', 'Maternity Leave', 'Opinion73', 'denied', 'Manager3', '', ''),
    ('EMP0074', '2024-10-17T01:00:00Z', '2024-10-17T09:00:00Z', 'Reason74', 'Unpaid Leave', 'Opinion74', 'pending', 'Manager4', '', ''),
    ('EMP0074', '2024-10-18T01:00:00Z', '2024-10-18T09:00:00Z', 'Reason74', 'Unpaid Leave', 'Opinion74', 'approved', 'Manager4', '', ''),
    ('EMP0074', '2024-10-19T01:00:00Z', '2024-10-19T09:00:00Z', 'Reason74', 'Unpaid Leave', 'Opinion74', 'denied', 'Manager4', '', ''),
    ('EMP0075', '2024-10-20T01:00:00Z', '2024-10-20T09:00:00Z', 'Reason75', 'Annual Leave', 'Opinion75', 'pending', 'Manager0', '', ''),
    ('EMP0075', '2024-10-21T01:00:00Z', '2024-10-21T09:00:00Z', 'Reason75', 'Annual Leave', 'Opinion75', 'approved', 'Manager0', '', ''),
    ('EMP0075', '2024-10-22T01:00:00Z', '2024-10-22T09:00:00Z', 'Reason75', 'Annual Leave', 'Opinion75', 'denied', 'Manager0', '', ''),
    ('EMP0076', '2024-10-23T01:00:00Z', '2024-10-23T09:00:00Z', 'Reason76', 'Casual Leave', 'Opinion76', 'pending', 'Manager1', '', ''),
    ('EMP0076', '2024-10-24T01:00:00Z', '2024-10-24T09:00:00Z', 'Reason76', 'Casual Leave', 'Opinion76', 'approved', 'Manager1', '', ''),
    ('EMP0076', '2024-10-25T01:00:00Z', '2024-10-25T09:00:00Z', 'Reason76', 'Casual Leave', 'Opinion76', 'denied', 'Manager1', '', ''),
    ('EMP0077', '2024-10-26T01:00:00Z', '2024-10-26T09:00:00Z', 'Reason77', 'Sick Leave', 'Opinion77', 'pending', 'Manager2', '', ''),
    ('EMP0077', '2024-10-27T01:00:00Z', '2024-10-27T09:00:00Z', 'Reason77', 'Sick Leave', 'Opinion77', 'approved', 'Manager2', '', ''),
    ('EMP0077', '2024-10-28T01:00:00Z', '2024-10-28T09:00:00Z', 'Reason77', 'Sick Leave', 'Opinion77', 'denied', 'Manager2', '', ''),
    ('EMP0078', '2024-10-29T01:00:00Z', '2024-10-29T09:00:00Z', 'Reason78', 'Maternity Leave', 'Opinion78', 'pending', 'Manager3', '', ''),
    ('EMP0078', '2024-10-30T01:00:00Z', '2024-10-30T09:00:00Z', 'Reason78', 'Maternity Leave', 'Opinion78', 'approved', 'Manager3', '', ''),
    ('EMP0078', '2024-11-01T01:00:00Z', '2024-11-01T09:00:00Z', 'Reason78', 'Maternity Leave', 'Opinion78', 'denied', 'Manager3', '', ''),
    ('EMP0079', '2024-11-02T01:00:00Z', '2024-11-02T09:00:00Z', 'Reason79', 'Unpaid Leave', 'Opinion79', 'pending', 'Manager4', '', ''),
    ('EMP0079', '2024-11-03T01:00:00Z', '2024-11-03T09:00:00Z', 'Reason79', 'Unpaid Leave', 'Opinion79', 'approved', 'Manager4', '', ''),
    ('EMP0079', '2024-11-04T01:00:00Z', '2024-11-04T09:00:00Z', 'Reason79', 'Unpaid Leave', 'Opinion79', 'denied', 'Manager4', '', ''),
    ('EMP0080', '2024-11-05T01:00:00Z', '2024-11-05T09:00:00Z', 'Reason80', 'Annual Leave', 'Opinion80', 'pending', 'Manager0', '', ''),
    ('EMP0080', '2024-11-06T01:00:00Z', '2024-11-06T09:00:00Z', 'Reason80', 'Annual Leave', 'Opinion80', 'approved', 'Manager0', '', ''),
    ('EMP0080', '2024-11-07T01:00:00Z', '2024-11-07T09:00:00Z', 'Reason80', 'Annual Leave', 'Opinion80', 'denied', 'Manager0', '', ''),
    ('EMP0081', '2024-11-08T01:00:00Z', '2024-11-08T09:00:00Z', 'Reason81', 'Casual Leave', 'Opinion81', 'pending', 'Manager1', '', ''),
    ('EMP0081', '2024-11-09T01:00:00Z', '2024-11-09T09:00:00Z', 'Reason81', 'Casual Leave', 'Opinion81', 'approved', 'Manager1', '', ''),
    ('EMP0081', '2024-11-10T01:00:00Z', '2024-11-10T09:00:00Z', 'Reason81', 'Casual Leave', 'Opinion81', 'denied', 'Manager1', '', ''),
    ('EMP0082', '2024-11-11T01:00:00Z', '2024-11-11T09:00:00Z', 'Reason82', 'Sick Leave', 'Opinion82', 'pending', 'Manager2', '', ''),
    ('EMP0082', '2024-11-12T01:00:00Z', '2024-11-12T09:00:00Z', 'Reason82', 'Sick Leave', 'Opinion82', 'approved', 'Manager2', '', ''),
    ('EMP0082', '2024-11-13T01:00:00Z', '2024-11-13T09:00:00Z', 'Reason82', 'Sick Leave', 'Opinion82', 'denied', 'Manager2', '', ''),
    ('EMP0083', '2024-11-14T01:00:00Z', '2024-11-14T09:00:00Z', 'Reason83', 'Maternity Leave', 'Opinion83', 'pending', 'Manager3', '', ''),
    ('EMP0083', '2024-11-15T01:00:00Z', '2024-11-15T09:00:00Z', 'Reason83', 'Maternity Leave', 'Opinion83', 'approved', 'Manager3', '', ''),
    ('EMP0083', '2024-11-16T01:00:00Z', '2024-11-16T09:00:00Z', 'Reason83', 'Maternity Leave', 'Opinion83', 'denied', 'Manager3', '', ''),
    ('EMP0084', '2024-11-17T01:00:00Z', '2024-11-17T09:00:00Z', 'Reason84', 'Unpaid Leave', 'Opinion84', 'pending', 'Manager4', '', ''),
    ('EMP0084', '2024-11-18T01:00:00Z', '2024-11-18T09:00:00Z', 'Reason84', 'Unpaid Leave', 'Opinion84', 'approved', 'Manager4', '', ''),
    ('EMP0084', '2024-11-19T01:00:00Z', '2024-11-19T09:00:00Z', 'Reason84', 'Unpaid Leave', 'Opinion84', 'denied', 'Manager4', '', ''),
    ('EMP0085', '2024-11-20T01:00:00Z', '2024-11-20T09:00:00Z', 'Reason85', 'Annual Leave', 'Opinion85', 'pending', 'Manager0', '', ''),
    ('EMP0085', '2024-11-21T01:00:00Z', '2024-11-21T09:00:00Z', 'Reason85', 'Annual Leave', 'Opinion85', 'approved', 'Manager0', '', ''),
    ('EMP0085', '2024-11-22T01:00:00Z', '2024-11-22T09:00:00Z', 'Reason85', 'Annual Leave', 'Opinion85', 'denied', 'Manager0', '', ''),
    ('EMP0086', '2024-11-23T01:00:00Z', '2024-11-23T09:00:00Z', 'Reason86', 'Casual Leave', 'Opinion86', 'pending', 'Manager1', '', ''),
    ('EMP0086', '2024-11-24T01:00:00Z', '2024-11-24T09:00:00Z', 'Reason86', 'Casual Leave', 'Opinion86', 'approved', 'Manager1', '', ''),
    ('EMP0086', '2024-11-25T01:00:00Z', '2024-11-25T09:00:00Z', 'Reason86', 'Casual Leave', 'Opinion86', 'denied', 'Manager1', '', ''),
    ('EMP0087', '2024-11-26T01:00:00Z', '2024-11-26T09:00:00Z', 'Reason87', 'Sick Leave', 'Opinion87', 'pending', 'Manager2', '', ''),
    ('EMP0087', '2024-11-27T01:00:00Z', '2024-11-27T09:00:00Z', 'Reason87', 'Sick Leave', 'Opinion87', 'approved', 'Manager2', '', ''),
    ('EMP0087', '2024-11-28T01:00:00Z', '2024-11-28T09:00:00Z', 'Reason87', 'Sick Leave', 'Opinion87', 'denied', 'Manager2', '', ''),
    ('EMP0088', '2024-11-29T01:00:00Z', '2024-11-29T09:00:00Z', 'Reason88', 'Maternity Leave', 'Opinion88', 'pending', 'Manager3', '', ''),
    ('EMP0088', '2024-11-30T01:00:00Z', '2024-11-30T09:00:00Z', 'Reason88', 'Maternity Leave', 'Opinion88', 'approved', 'Manager3', '', ''),
    ('EMP0088', '2024-12-01T01:00:00Z', '2024-12-01T09:00:00Z', 'Reason88', 'Maternity Leave', 'Opinion88', 'denied', 'Manager3', '', ''),
    ('EMP0089', '2024-12-02T01:00:00Z', '2024-12-02T09:00:00Z', 'Reason89', 'Unpaid Leave', 'Opinion89', 'pending', 'Manager4', '', ''),
    ('EMP0089', '2024-12-03T01:00:00Z', '2024-12-03T09:00:00Z', 'Reason89', 'Unpaid Leave', 'Opinion89', 'approved', 'Manager4', '', ''),
    ('EMP0089', '2024-12-04T01:00:00Z', '2024-12-04T09:00:00Z', 'Reason89', 'Unpaid Leave', 'Opinion89', 'denied', 'Manager4', '', ''),
    ('EMP0090', '2024-12-05T01:00:00Z', '2024-12-05T09:00:00Z', 'Reason90', 'Annual Leave', 'Opinion90', 'pending', 'Manager0', '', ''),
    ('EMP0090', '2024-12-06T01:00:00Z', '2024-12-06T09:00:00Z', 'Reason90', 'Annual Leave', 'Opinion90', 'approved', 'Manager0', '', ''),
    ('EMP0090', '2024-12-07T01:00:00Z', '2024-12-07T09:00:00Z', 'Reason90', 'Annual Leave', 'Opinion90', 'denied', 'Manager0', '', ''),
    ('EMP0091', '2024-12-08T01:00:00Z', '2024-12-08T09:00:00Z', 'Reason91', 'Casual Leave', 'Opinion91', 'pending', 'Manager1', '', ''),
    ('EMP0091', '2024-12-09T01:00:00Z', '2024-12-09T09:00:00Z', 'Reason91', 'Casual Leave', 'Opinion91', 'approved', 'Manager1', '', ''),
    ('EMP0091', '2024-12-10T01:00:00Z', '2024-12-10T09:00:00Z', 'Reason91', 'Casual Leave', 'Opinion91', 'denied', 'Manager1', '', ''),
    ('EMP0092', '2024-12-11T01:00:00Z', '2024-12-11T09:00:00Z', 'Reason92', 'Sick Leave', 'Opinion92', 'pending', 'Manager2', '', ''),
    ('EMP0092', '2024-12-12T01:00:00Z', '2024-12-12T09:00:00Z', 'Reason92', 'Sick Leave', 'Opinion92', 'approved', 'Manager2', '', ''),
    ('EMP0092', '2024-12-13T01:00:00Z', '2024-12-13T09:00:00Z', 'Reason92', 'Sick Leave', 'Opinion92', 'denied', 'Manager2', '', ''),
    ('EMP0093', '2024-12-14T01:00:00Z', '2024-12-14T09:00:00Z', 'Reason93', 'Maternity Leave', 'Opinion93', 'pending', 'Manager3', '', ''),
    ('EMP0093', '2024-12-15T01:00:00Z', '2024-12-15T09:00:00Z', 'Reason93', 'Maternity Leave', 'Opinion93', 'approved', 'Manager3', '', ''),
    ('EMP0093', '2024-12-16T01:00:00Z', '2024-12-16T09:00:00Z', 'Reason93', 'Maternity Leave', 'Opinion93', 'denied', 'Manager3', '', ''),
    ('EMP0094', '2024-12-17T01:00:00Z', '2024-12-17T09:00:00Z', 'Reason94', 'Unpaid Leave', 'Opinion94', 'pending', 'Manager4', '', ''),
    ('EMP0094', '2024-12-18T01:00:00Z', '2024-12-18T09:00:00Z', 'Reason94', 'Unpaid Leave', 'Opinion94', 'approved', 'Manager4', '', ''),
    ('EMP0094', '2024-12-19T01:00:00Z', '2024-12-19T09:00:00Z', 'Reason94', 'Unpaid Leave', 'Opinion94', 'denied', 'Manager4', '', ''),
    ('EMP0095', '2024-12-20T01:00:00Z', '2024-12-20T09:00:00Z', 'Reason95', 'Annual Leave', 'Opinion95', 'pending', 'Manager0', '', ''),
    ('EMP0095', '2024-12-21T01:00:00Z', '2024-12-21T09:00:00Z', 'Reason95', 'Annual Leave', 'Opinion95', 'approved', 'Manager0', '', ''),
    ('EMP0095', '2024-12-22T01:00:00Z', '2024-12-22T09:00:00Z', 'Reason95', 'Annual Leave', 'Opinion95', 'denied', 'Manager0', '', ''),
    ('EMP0096', '2024-12-23T01:00:00Z', '2024-12-23T09:00:00Z', 'Reason96', 'Casual Leave', 'Opinion96', 'pending', 'Manager1', '', ''),
    ('EMP0096', '2024-12-24T01:00:00Z', '2024-12-24T09:00:00Z', 'Reason96', 'Casual Leave', 'Opinion96', 'approved', 'Manager1', '', ''),
    ('EMP0096', '2024-12-25T01:00:00Z', '2024-12-25T09:00:00Z', 'Reason96', 'Casual Leave', 'Opinion96', 'denied', 'Manager1', '', ''),
    ('EMP0097', '2024-12-26T01:00:00Z', '2024-12-26T09:00:00Z', 'Reason97', 'Sick Leave', 'Opinion97', 'pending', 'Manager2', '', ''),
    ('EMP0097', '2024-12-27T01:00:00Z', '2024-12-27T09:00:00Z', 'Reason97', 'Sick Leave', 'Opinion97', 'approved', 'Manager2', '', ''),
    ('EMP0097', '2024-12-28T01:00:00Z', '2024-12-28T09:00:00Z', 'Reason97', 'Sick Leave', 'Opinion97', 'denied', 'Manager2', '', ''),
    ('EMP0098', '2024-12-29T01:00:00Z', '2024-12-29T09:00:00Z', 'Reason98', 'Maternity Leave', 'Opinion98', 'pending', 'Manager3', '', ''),
    ('EMP0098', '2024-12-30T01:00:00Z', '2024-12-30T09:00:00Z', 'Reason98', 'Maternity Leave', 'Opinion98', 'approved', 'Manager3', '', ''),
    ('EMP0098', '2025-01-01T01:00:00Z', '2025-01-01T09:00:00Z', 'Reason98', 'Maternity Leave', 'Opinion98', 'denied', 'Manager3', '', ''),
    ('EMP0099', '2025-01-02T01:00:00Z', '2025-01-02T09:00:00Z', 'Reason99', 'Unpaid Leave', 'Opinion99', 'pending', 'Manager4', '', ''),
    ('EMP0099', '2025-01-03T01:00:00Z', '2025-01-03T09:00:00Z', 'Reason99', 'Unpaid Leave', 'Opinion99', 'approved', 'Manager4', '', ''),
    ('EMP0099', '2025-01-04T01:00:00Z', '2025-01-04T09:00:00Z', 'Reason99', 'Unpaid Leave', 'Opinion99', 'denied', 'Manager4', '', '');

CREATE DATABASE notification
    ENCODING 'UTF8';

\c notification;

DROP TABLE IF EXISTS notifications;


CREATE TABLE notifications (
                        id SERIAL PRIMARY KEY,
                        employee_id VARCHAR(255) NOT NULL,
                        message VARCHAR(255) NOT NULL,
                        title VARCHAR(255) NOT NULL,
                        read BOOLEAN NOT NULL
);