CREATE DATABASE notification;
-- Create the employees table
CREATE DATABASE employee
    ENCODING 'UTF8';

\c employee;

DROP TABLE IF EXISTS employees;


CREATE TABLE employees
(
    id            SERIAL PRIMARY KEY,
    employee_id   VARCHAR(255) UNIQUE NOT NULL,
    title_th      VARCHAR(255),
    first_name_th VARCHAR(255),
    last_name_th  VARCHAR(255),
    title_en      VARCHAR(255),
    first_name_en VARCHAR(255),
    last_name_en  VARCHAR(255),
    date_of_birth VARCHAR(255),
    gender        VARCHAR(255),
    department    VARCHAR(255),
    role          VARCHAR(255),
    phone         VARCHAR(255),
    email         VARCHAR(255) UNIQUE NOT NULL,
    password      VARCHAR(255)        NOT NULL
);

INSERT INTO employees (employee_id, title_th, first_name_th, last_name_th,
                       title_en, first_name_en, last_name_en,
                       date_of_birth, gender, department, role,
                       phone, email, password)
VALUES

('ADMIN', 'นาย', 'แอดมิน', 'แอดมิน', 'Mr.', 'Admin', 'Admin', '1980-01-01', 'Male', 'IT', 'admin', '0812345678',
 'admin@example.com', 'jZae727K08KaOmKSgOaGzww/XVqGr/PKEgIMkjrcbJI='),
('EMP0000', 'นาย', 'thaiFirstName0', 'thaiLastName0', 'Mr.', 'engFirstName0', 'engLastName0', '1980-01-01', 'Male',
 'IT', 'user', '0812345678', 'uesr0@example.com', 'jZae727K08KaOmKSgOaGzww/XVqGr/PKEgIMkjrcbJI='),
('EMP0001', 'นาย', 'thaiFirstName1', 'thaiLastName1', 'Mr.', 'engFirstName1', 'engLastName1', '1980-01-01', 'Male',
 'IT', 'user', '0812345678', 'uesr1@example.com', 'jZae727K08KaOmKSgOaGzww/XVqGr/PKEgIMkjrcbJI='),
('EMP0002', 'นาย', 'thaiFirstName2', 'thaiLastName2', 'Mr.', 'engFirstName2', 'engLastName2', '1980-01-01', 'Male',
 'IT', 'user', '0812345678', 'uesr2@example.com', 'jZae727K08KaOmKSgOaGzww/XVqGr/PKEgIMkjrcbJI='),
('EMP0003', 'นาย', 'thaiFirstName3', 'thaiLastName3', 'Mr.', 'engFirstName3', 'engLastName3', '1980-01-01', 'Male',
 'IT', 'user', '0812345678', 'uesr3@example.com', 'jZae727K08KaOmKSgOaGzww/XVqGr/PKEgIMkjrcbJI='),
('EMP0004', 'นาย', 'thaiFirstName4', 'thaiLastName4', 'Mr.', 'engFirstName4', 'engLastName4', '1980-01-01', 'Male',
 'IT', 'user', '0812345678', 'uesr4@example.com', 'jZae727K08KaOmKSgOaGzww/XVqGr/PKEgIMkjrcbJI='),
('EMP0005', 'นาย', 'thaiFirstName5', 'thaiLastName5', 'Mr.', 'engFirstName5', 'engLastName5', '1980-01-01', 'Male',
 'IT', 'user', '0812345678', 'uesr5@example.com', 'jZae727K08KaOmKSgOaGzww/XVqGr/PKEgIMkjrcbJI='),
('EMP0006', 'นาย', 'thaiFirstName6', 'thaiLastName6', 'Mr.', 'engFirstName6', 'engLastName6', '1980-01-01', 'Male',
 'IT', 'user', '0812345678', 'uesr6@example.com', 'jZae727K08KaOmKSgOaGzww/XVqGr/PKEgIMkjrcbJI='),
('EMP0007', 'นาย', 'thaiFirstName7', 'thaiLastName7', 'Mr.', 'engFirstName7', 'engLastName7', '1980-01-01', 'Male',
 'IT', 'user', '0812345678', 'uesr7@example.com', 'jZae727K08KaOmKSgOaGzww/XVqGr/PKEgIMkjrcbJI='),
('EMP0008', 'นาย', 'thaiFirstName8', 'thaiLastName8', 'Mr.', 'engFirstName8', 'engLastName8', '1980-01-01', 'Male',
 'IT', 'user', '0812345678', 'uesr8@example.com', 'jZae727K08KaOmKSgOaGzww/XVqGr/PKEgIMkjrcbJI='),
('EMP0009', 'นาย', 'thaiFirstName9', 'thaiLastName9', 'Mr.', 'engFirstName9', 'engLastName9', '1980-01-01', 'Male',
 'IT', 'user', '0812345678', 'uesr9@example.com', 'jZae727K08KaOmKSgOaGzww/XVqGr/PKEgIMkjrcbJI='),
('EMP0010', 'นาย', 'thaiFirstName10', 'thaiLastName10', 'Mr.', 'engFirstName10', 'engLastName10', '1980-01-01', 'Male',
 'IT', 'user', '0812345678', 'uesr10@example.com', 'jZae727K08KaOmKSgOaGzww/XVqGr/PKEgIMkjrcbJI='),
('EMP0011', 'นาย', 'thaiFirstName11', 'thaiLastName11', 'Mr.', 'engFirstName11', 'engLastName11', '1980-01-01', 'Male',
 'IT', 'user', '0812345678', 'uesr11@example.com', 'jZae727K08KaOmKSgOaGzww/XVqGr/PKEgIMkjrcbJI='),
('EMP0012', 'นาย', 'thaiFirstName12', 'thaiLastName12', 'Mr.', 'engFirstName12', 'engLastName12', '1980-01-01', 'Male',
 'IT', 'user', '0812345678', 'uesr12@example.com', 'jZae727K08KaOmKSgOaGzww/XVqGr/PKEgIMkjrcbJI='),
('EMP0013', 'นาย', 'thaiFirstName13', 'thaiLastName13', 'Mr.', 'engFirstName13', 'engLastName13', '1980-01-01', 'Male',
 'IT', 'user', '0812345678', 'uesr13@example.com', 'jZae727K08KaOmKSgOaGzww/XVqGr/PKEgIMkjrcbJI='),
('EMP0014', 'นาย', 'thaiFirstName14', 'thaiLastName14', 'Mr.', 'engFirstName14', 'engLastName14', '1980-01-01', 'Male',
 'IT', 'user', '0812345678', 'uesr14@example.com', 'jZae727K08KaOmKSgOaGzww/XVqGr/PKEgIMkjrcbJI='),
('EMP0015', 'นาย', 'thaiFirstName15', 'thaiLastName15', 'Mr.', 'engFirstName15', 'engLastName15', '1980-01-01', 'Male',
 'IT', 'user', '0812345678', 'uesr15@example.com', 'jZae727K08KaOmKSgOaGzww/XVqGr/PKEgIMkjrcbJI='),
('EMP0016', 'นาย', 'thaiFirstName16', 'thaiLastName16', 'Mr.', 'engFirstName16', 'engLastName16', '1980-01-01', 'Male',
 'IT', 'user', '0812345678', 'uesr16@example.com', 'jZae727K08KaOmKSgOaGzww/XVqGr/PKEgIMkjrcbJI='),
('EMP0017', 'นาย', 'thaiFirstName17', 'thaiLastName17', 'Mr.', 'engFirstName17', 'engLastName17', '1980-01-01', 'Male',
 'IT', 'user', '0812345678', 'uesr17@example.com', 'jZae727K08KaOmKSgOaGzww/XVqGr/PKEgIMkjrcbJI='),
('EMP0018', 'นาย', 'thaiFirstName18', 'thaiLastName18', 'Mr.', 'engFirstName18', 'engLastName18', '1980-01-01', 'Male',
 'IT', 'user', '0812345678', 'uesr18@example.com', 'jZae727K08KaOmKSgOaGzww/XVqGr/PKEgIMkjrcbJI='),
('EMP0019', 'นาย', 'thaiFirstName19', 'thaiLastName19', 'Mr.', 'engFirstName19', 'engLastName19', '1980-01-01', 'Male',
 'IT', 'user', '0812345678', 'uesr19@example.com', 'jZae727K08KaOmKSgOaGzww/XVqGr/PKEgIMkjrcbJI='),
('EMP0020', 'นาย', 'thaiFirstName20', 'thaiLastName20', 'Mr.', 'engFirstName20', 'engLastName20', '1980-01-01', 'Male',
 'IT', 'user', '0812345678', 'uesr20@example.com', 'jZae727K08KaOmKSgOaGzww/XVqGr/PKEgIMkjrcbJI='),
('EMP0021', 'นาย', 'thaiFirstName21', 'thaiLastName21', 'Mr.', 'engFirstName21', 'engLastName21', '1980-01-01', 'Male',
 'IT', 'user', '0812345678', 'uesr21@example.com', 'jZae727K08KaOmKSgOaGzww/XVqGr/PKEgIMkjrcbJI='),
('EMP0022', 'นาย', 'thaiFirstName22', 'thaiLastName22', 'Mr.', 'engFirstName22', 'engLastName22', '1980-01-01', 'Male',
 'IT', 'user', '0812345678', 'uesr22@example.com', 'jZae727K08KaOmKSgOaGzww/XVqGr/PKEgIMkjrcbJI='),
('EMP0023', 'นาย', 'thaiFirstName23', 'thaiLastName23', 'Mr.', 'engFirstName23', 'engLastName23', '1980-01-01', 'Male',
 'IT', 'user', '0812345678', 'uesr23@example.com', 'jZae727K08KaOmKSgOaGzww/XVqGr/PKEgIMkjrcbJI='),
('EMP0024', 'นาย', 'thaiFirstName24', 'thaiLastName24', 'Mr.', 'engFirstName24', 'engLastName24', '1980-01-01', 'Male',
 'IT', 'user', '0812345678', 'uesr24@example.com', 'jZae727K08KaOmKSgOaGzww/XVqGr/PKEgIMkjrcbJI='),
('EMP0025', 'นาย', 'thaiFirstName25', 'thaiLastName25', 'Mr.', 'engFirstName25', 'engLastName25', '1980-01-01', 'Male',
 'IT', 'user', '0812345678', 'uesr25@example.com', 'jZae727K08KaOmKSgOaGzww/XVqGr/PKEgIMkjrcbJI='),
('EMP0026', 'นาย', 'thaiFirstName26', 'thaiLastName26', 'Mr.', 'engFirstName26', 'engLastName26', '1980-01-01', 'Male',
 'IT', 'user', '0812345678', 'uesr26@example.com', 'jZae727K08KaOmKSgOaGzww/XVqGr/PKEgIMkjrcbJI='),
('EMP0027', 'นาย', 'thaiFirstName27', 'thaiLastName27', 'Mr.', 'engFirstName27', 'engLastName27', '1980-01-01', 'Male',
 'IT', 'user', '0812345678', 'uesr27@example.com', 'jZae727K08KaOmKSgOaGzww/XVqGr/PKEgIMkjrcbJI='),
('EMP0028', 'นาย', 'thaiFirstName28', 'thaiLastName28', 'Mr.', 'engFirstName28', 'engLastName28', '1980-01-01', 'Male',
 'IT', 'user', '0812345678', 'uesr28@example.com', 'jZae727K08KaOmKSgOaGzww/XVqGr/PKEgIMkjrcbJI='),
('EMP0029', 'นาย', 'thaiFirstName29', 'thaiLastName29', 'Mr.', 'engFirstName29', 'engLastName29', '1980-01-01', 'Male',
 'IT', 'user', '0812345678', 'uesr29@example.com', 'jZae727K08KaOmKSgOaGzww/XVqGr/PKEgIMkjrcbJI='),
('EMP0030', 'นาย', 'thaiFirstName30', 'thaiLastName30', 'Mr.', 'engFirstName30', 'engLastName30', '1980-01-01', 'Male',
 'IT', 'user', '0812345678', 'uesr30@example.com', 'jZae727K08KaOmKSgOaGzww/XVqGr/PKEgIMkjrcbJI='),
('EMP0031', 'นาย', 'thaiFirstName31', 'thaiLastName31', 'Mr.', 'engFirstName31', 'engLastName31', '1980-01-01', 'Male',
 'IT', 'user', '0812345678', 'uesr31@example.com', 'jZae727K08KaOmKSgOaGzww/XVqGr/PKEgIMkjrcbJI='),
('EMP0032', 'นาย', 'thaiFirstName32', 'thaiLastName32', 'Mr.', 'engFirstName32', 'engLastName32', '1980-01-01', 'Male',
 'IT', 'user', '0812345678', 'uesr32@example.com', 'jZae727K08KaOmKSgOaGzww/XVqGr/PKEgIMkjrcbJI='),
('EMP0033', 'นาย', 'thaiFirstName33', 'thaiLastName33', 'Mr.', 'engFirstName33', 'engLastName33', '1980-01-01', 'Male',
 'IT', 'user', '0812345678', 'uesr33@example.com', 'jZae727K08KaOmKSgOaGzww/XVqGr/PKEgIMkjrcbJI='),
('EMP0034', 'นาย', 'thaiFirstName34', 'thaiLastName34', 'Mr.', 'engFirstName34', 'engLastName34', '1980-01-01', 'Male',
 'IT', 'user', '0812345678', 'uesr34@example.com', 'jZae727K08KaOmKSgOaGzww/XVqGr/PKEgIMkjrcbJI='),
('EMP0035', 'นาย', 'thaiFirstName35', 'thaiLastName35', 'Mr.', 'engFirstName35', 'engLastName35', '1980-01-01', 'Male',
 'IT', 'user', '0812345678', 'uesr35@example.com', 'jZae727K08KaOmKSgOaGzww/XVqGr/PKEgIMkjrcbJI='),
('EMP0036', 'นาย', 'thaiFirstName36', 'thaiLastName36', 'Mr.', 'engFirstName36', 'engLastName36', '1980-01-01', 'Male',
 'IT', 'user', '0812345678', 'uesr36@example.com', 'jZae727K08KaOmKSgOaGzww/XVqGr/PKEgIMkjrcbJI='),
('EMP0037', 'นาย', 'thaiFirstName37', 'thaiLastName37', 'Mr.', 'engFirstName37', 'engLastName37', '1980-01-01', 'Male',
 'IT', 'user', '0812345678', 'uesr37@example.com', 'jZae727K08KaOmKSgOaGzww/XVqGr/PKEgIMkjrcbJI='),
('EMP0038', 'นาย', 'thaiFirstName38', 'thaiLastName38', 'Mr.', 'engFirstName38', 'engLastName38', '1980-01-01', 'Male',
 'IT', 'user', '0812345678', 'uesr38@example.com', 'jZae727K08KaOmKSgOaGzww/XVqGr/PKEgIMkjrcbJI='),
('EMP0039', 'นาย', 'thaiFirstName39', 'thaiLastName39', 'Mr.', 'engFirstName39', 'engLastName39', '1980-01-01', 'Male',
 'IT', 'user', '0812345678', 'uesr39@example.com', 'jZae727K08KaOmKSgOaGzww/XVqGr/PKEgIMkjrcbJI='),
('EMP0040', 'นาย', 'thaiFirstName40', 'thaiLastName40', 'Mr.', 'engFirstName40', 'engLastName40', '1980-01-01', 'Male',
 'IT', 'user', '0812345678', 'uesr40@example.com', 'jZae727K08KaOmKSgOaGzww/XVqGr/PKEgIMkjrcbJI='),
('EMP0041', 'นาย', 'thaiFirstName41', 'thaiLastName41', 'Mr.', 'engFirstName41', 'engLastName41', '1980-01-01', 'Male',
 'IT', 'user', '0812345678', 'uesr41@example.com', 'jZae727K08KaOmKSgOaGzww/XVqGr/PKEgIMkjrcbJI='),
('EMP0042', 'นาย', 'thaiFirstName42', 'thaiLastName42', 'Mr.', 'engFirstName42', 'engLastName42', '1980-01-01', 'Male',
 'IT', 'user', '0812345678', 'uesr42@example.com', 'jZae727K08KaOmKSgOaGzww/XVqGr/PKEgIMkjrcbJI='),
('EMP0043', 'นาย', 'thaiFirstName43', 'thaiLastName43', 'Mr.', 'engFirstName43', 'engLastName43', '1980-01-01', 'Male',
 'IT', 'user', '0812345678', 'uesr43@example.com', 'jZae727K08KaOmKSgOaGzww/XVqGr/PKEgIMkjrcbJI='),
('EMP0044', 'นาย', 'thaiFirstName44', 'thaiLastName44', 'Mr.', 'engFirstName44', 'engLastName44', '1980-01-01', 'Male',
 'IT', 'user', '0812345678', 'uesr44@example.com', 'jZae727K08KaOmKSgOaGzww/XVqGr/PKEgIMkjrcbJI='),
('EMP0045', 'นาย', 'thaiFirstName45', 'thaiLastName45', 'Mr.', 'engFirstName45', 'engLastName45', '1980-01-01', 'Male',
 'IT', 'user', '0812345678', 'uesr45@example.com', 'jZae727K08KaOmKSgOaGzww/XVqGr/PKEgIMkjrcbJI='),
('EMP0046', 'นาย', 'thaiFirstName46', 'thaiLastName46', 'Mr.', 'engFirstName46', 'engLastName46', '1980-01-01', 'Male',
 'IT', 'user', '0812345678', 'uesr46@example.com', 'jZae727K08KaOmKSgOaGzww/XVqGr/PKEgIMkjrcbJI='),
('EMP0047', 'นาย', 'thaiFirstName47', 'thaiLastName47', 'Mr.', 'engFirstName47', 'engLastName47', '1980-01-01', 'Male',
 'IT', 'user', '0812345678', 'uesr47@example.com', 'jZae727K08KaOmKSgOaGzww/XVqGr/PKEgIMkjrcbJI='),
('EMP0048', 'นาย', 'thaiFirstName48', 'thaiLastName48', 'Mr.', 'engFirstName48', 'engLastName48', '1980-01-01', 'Male',
 'IT', 'user', '0812345678', 'uesr48@example.com', 'jZae727K08KaOmKSgOaGzww/XVqGr/PKEgIMkjrcbJI='),
('EMP0049', 'นาย', 'thaiFirstName49', 'thaiLastName49', 'Mr.', 'engFirstName49', 'engLastName49', '1980-01-01', 'Male',
 'IT', 'user', '0812345678', 'uesr49@example.com', 'jZae727K08KaOmKSgOaGzww/XVqGr/PKEgIMkjrcbJI='),
('EMP0050', 'นาย', 'thaiFirstName50', 'thaiLastName50', 'Mr.', 'engFirstName50', 'engLastName50', '1980-01-01', 'Male',
 'IT', 'user', '0812345678', 'uesr50@example.com', 'jZae727K08KaOmKSgOaGzww/XVqGr/PKEgIMkjrcbJI='),
('EMP0051', 'นาย', 'thaiFirstName51', 'thaiLastName51', 'Mr.', 'engFirstName51', 'engLastName51', '1980-01-01', 'Male',
 'IT', 'user', '0812345678', 'uesr51@example.com', 'jZae727K08KaOmKSgOaGzww/XVqGr/PKEgIMkjrcbJI='),
('EMP0052', 'นาย', 'thaiFirstName52', 'thaiLastName52', 'Mr.', 'engFirstName52', 'engLastName52', '1980-01-01', 'Male',
 'IT', 'user', '0812345678', 'uesr52@example.com', 'jZae727K08KaOmKSgOaGzww/XVqGr/PKEgIMkjrcbJI='),
('EMP0053', 'นาย', 'thaiFirstName53', 'thaiLastName53', 'Mr.', 'engFirstName53', 'engLastName53', '1980-01-01', 'Male',
 'IT', 'user', '0812345678', 'uesr53@example.com', 'jZae727K08KaOmKSgOaGzww/XVqGr/PKEgIMkjrcbJI='),
('EMP0054', 'นาย', 'thaiFirstName54', 'thaiLastName54', 'Mr.', 'engFirstName54', 'engLastName54', '1980-01-01', 'Male',
 'IT', 'user', '0812345678', 'uesr54@example.com', 'jZae727K08KaOmKSgOaGzww/XVqGr/PKEgIMkjrcbJI='),
('EMP0055', 'นาย', 'thaiFirstName55', 'thaiLastName55', 'Mr.', 'engFirstName55', 'engLastName55', '1980-01-01', 'Male',
 'IT', 'user', '0812345678', 'uesr55@example.com', 'jZae727K08KaOmKSgOaGzww/XVqGr/PKEgIMkjrcbJI='),
('EMP0056', 'นาย', 'thaiFirstName56', 'thaiLastName56', 'Mr.', 'engFirstName56', 'engLastName56', '1980-01-01', 'Male',
 'IT', 'user', '0812345678', 'uesr56@example.com', 'jZae727K08KaOmKSgOaGzww/XVqGr/PKEgIMkjrcbJI='),
('EMP0057', 'นาย', 'thaiFirstName57', 'thaiLastName57', 'Mr.', 'engFirstName57', 'engLastName57', '1980-01-01', 'Male',
 'IT', 'user', '0812345678', 'uesr57@example.com', 'jZae727K08KaOmKSgOaGzww/XVqGr/PKEgIMkjrcbJI='),
('EMP0058', 'นาย', 'thaiFirstName58', 'thaiLastName58', 'Mr.', 'engFirstName58', 'engLastName58', '1980-01-01', 'Male',
 'IT', 'user', '0812345678', 'uesr58@example.com', 'jZae727K08KaOmKSgOaGzww/XVqGr/PKEgIMkjrcbJI='),
('EMP0059', 'นาย', 'thaiFirstName59', 'thaiLastName59', 'Mr.', 'engFirstName59', 'engLastName59', '1980-01-01', 'Male',
 'IT', 'user', '0812345678', 'uesr59@example.com', 'jZae727K08KaOmKSgOaGzww/XVqGr/PKEgIMkjrcbJI='),
('EMP0060', 'นาย', 'thaiFirstName60', 'thaiLastName60', 'Mr.', 'engFirstName60', 'engLastName60', '1980-01-01', 'Male',
 'IT', 'user', '0812345678', 'uesr60@example.com', 'jZae727K08KaOmKSgOaGzww/XVqGr/PKEgIMkjrcbJI='),
('EMP0061', 'นาย', 'thaiFirstName61', 'thaiLastName61', 'Mr.', 'engFirstName61', 'engLastName61', '1980-01-01', 'Male',
 'IT', 'user', '0812345678', 'uesr61@example.com', 'jZae727K08KaOmKSgOaGzww/XVqGr/PKEgIMkjrcbJI='),
('EMP0062', 'นาย', 'thaiFirstName62', 'thaiLastName62', 'Mr.', 'engFirstName62', 'engLastName62', '1980-01-01', 'Male',
 'IT', 'user', '0812345678', 'uesr62@example.com', 'jZae727K08KaOmKSgOaGzww/XVqGr/PKEgIMkjrcbJI='),
('EMP0063', 'นาย', 'thaiFirstName63', 'thaiLastName63', 'Mr.', 'engFirstName63', 'engLastName63', '1980-01-01', 'Male',
 'IT', 'user', '0812345678', 'uesr63@example.com', 'jZae727K08KaOmKSgOaGzww/XVqGr/PKEgIMkjrcbJI='),
('EMP0064', 'นาย', 'thaiFirstName64', 'thaiLastName64', 'Mr.', 'engFirstName64', 'engLastName64', '1980-01-01', 'Male',
 'IT', 'user', '0812345678', 'uesr64@example.com', 'jZae727K08KaOmKSgOaGzww/XVqGr/PKEgIMkjrcbJI='),
('EMP0065', 'นาย', 'thaiFirstName65', 'thaiLastName65', 'Mr.', 'engFirstName65', 'engLastName65', '1980-01-01', 'Male',
 'IT', 'user', '0812345678', 'uesr65@example.com', 'jZae727K08KaOmKSgOaGzww/XVqGr/PKEgIMkjrcbJI='),
('EMP0066', 'นาย', 'thaiFirstName66', 'thaiLastName66', 'Mr.', 'engFirstName66', 'engLastName66', '1980-01-01', 'Male',
 'IT', 'user', '0812345678', 'uesr66@example.com', 'jZae727K08KaOmKSgOaGzww/XVqGr/PKEgIMkjrcbJI='),
('EMP0067', 'นาย', 'thaiFirstName67', 'thaiLastName67', 'Mr.', 'engFirstName67', 'engLastName67', '1980-01-01', 'Male',
 'IT', 'user', '0812345678', 'uesr67@example.com', 'jZae727K08KaOmKSgOaGzww/XVqGr/PKEgIMkjrcbJI='),
('EMP0068', 'นาย', 'thaiFirstName68', 'thaiLastName68', 'Mr.', 'engFirstName68', 'engLastName68', '1980-01-01', 'Male',
 'IT', 'user', '0812345678', 'uesr68@example.com', 'jZae727K08KaOmKSgOaGzww/XVqGr/PKEgIMkjrcbJI='),
('EMP0069', 'นาย', 'thaiFirstName69', 'thaiLastName69', 'Mr.', 'engFirstName69', 'engLastName69', '1980-01-01', 'Male',
 'IT', 'user', '0812345678', 'uesr69@example.com', 'jZae727K08KaOmKSgOaGzww/XVqGr/PKEgIMkjrcbJI='),
('EMP0070', 'นาย', 'thaiFirstName70', 'thaiLastName70', 'Mr.', 'engFirstName70', 'engLastName70', '1980-01-01', 'Male',
 'IT', 'user', '0812345678', 'uesr70@example.com', 'jZae727K08KaOmKSgOaGzww/XVqGr/PKEgIMkjrcbJI='),
('EMP0071', 'นาย', 'thaiFirstName71', 'thaiLastName71', 'Mr.', 'engFirstName71', 'engLastName71', '1980-01-01', 'Male',
 'IT', 'user', '0812345678', 'uesr71@example.com', 'jZae727K08KaOmKSgOaGzww/XVqGr/PKEgIMkjrcbJI='),
('EMP0072', 'นาย', 'thaiFirstName72', 'thaiLastName72', 'Mr.', 'engFirstName72', 'engLastName72', '1980-01-01', 'Male',
 'IT', 'user', '0812345678', 'uesr72@example.com', 'jZae727K08KaOmKSgOaGzww/XVqGr/PKEgIMkjrcbJI='),
('EMP0073', 'นาย', 'thaiFirstName73', 'thaiLastName73', 'Mr.', 'engFirstName73', 'engLastName73', '1980-01-01', 'Male',
 'IT', 'user', '0812345678', 'uesr73@example.com', 'jZae727K08KaOmKSgOaGzww/XVqGr/PKEgIMkjrcbJI='),
('EMP0074', 'นาย', 'thaiFirstName74', 'thaiLastName74', 'Mr.', 'engFirstName74', 'engLastName74', '1980-01-01', 'Male',
 'IT', 'user', '0812345678', 'uesr74@example.com', 'jZae727K08KaOmKSgOaGzww/XVqGr/PKEgIMkjrcbJI='),
('EMP0075', 'นาย', 'thaiFirstName75', 'thaiLastName75', 'Mr.', 'engFirstName75', 'engLastName75', '1980-01-01', 'Male',
 'IT', 'user', '0812345678', 'uesr75@example.com', 'jZae727K08KaOmKSgOaGzww/XVqGr/PKEgIMkjrcbJI='),
('EMP0076', 'นาย', 'thaiFirstName76', 'thaiLastName76', 'Mr.', 'engFirstName76', 'engLastName76', '1980-01-01', 'Male',
 'IT', 'user', '0812345678', 'uesr76@example.com', 'jZae727K08KaOmKSgOaGzww/XVqGr/PKEgIMkjrcbJI='),
('EMP0077', 'นาย', 'thaiFirstName77', 'thaiLastName77', 'Mr.', 'engFirstName77', 'engLastName77', '1980-01-01', 'Male',
 'IT', 'user', '0812345678', 'uesr77@example.com', 'jZae727K08KaOmKSgOaGzww/XVqGr/PKEgIMkjrcbJI='),
('EMP0078', 'นาย', 'thaiFirstName78', 'thaiLastName78', 'Mr.', 'engFirstName78', 'engLastName78', '1980-01-01', 'Male',
 'IT', 'user', '0812345678', 'uesr78@example.com', 'jZae727K08KaOmKSgOaGzww/XVqGr/PKEgIMkjrcbJI='),
('EMP0079', 'นาย', 'thaiFirstName79', 'thaiLastName79', 'Mr.', 'engFirstName79', 'engLastName79', '1980-01-01', 'Male',
 'IT', 'user', '0812345678', 'uesr79@example.com', 'jZae727K08KaOmKSgOaGzww/XVqGr/PKEgIMkjrcbJI='),
('EMP0080', 'นาย', 'thaiFirstName80', 'thaiLastName80', 'Mr.', 'engFirstName80', 'engLastName80', '1980-01-01', 'Male',
 'IT', 'user', '0812345678', 'uesr80@example.com', 'jZae727K08KaOmKSgOaGzww/XVqGr/PKEgIMkjrcbJI='),
('EMP0081', 'นาย', 'thaiFirstName81', 'thaiLastName81', 'Mr.', 'engFirstName81', 'engLastName81', '1980-01-01', 'Male',
 'IT', 'user', '0812345678', 'uesr81@example.com', 'jZae727K08KaOmKSgOaGzww/XVqGr/PKEgIMkjrcbJI='),
('EMP0082', 'นาย', 'thaiFirstName82', 'thaiLastName82', 'Mr.', 'engFirstName82', 'engLastName82', '1980-01-01', 'Male',
 'IT', 'user', '0812345678', 'uesr82@example.com', 'jZae727K08KaOmKSgOaGzww/XVqGr/PKEgIMkjrcbJI='),
('EMP0083', 'นาย', 'thaiFirstName83', 'thaiLastName83', 'Mr.', 'engFirstName83', 'engLastName83', '1980-01-01', 'Male',
 'IT', 'user', '0812345678', 'uesr83@example.com', 'jZae727K08KaOmKSgOaGzww/XVqGr/PKEgIMkjrcbJI='),
('EMP0084', 'นาย', 'thaiFirstName84', 'thaiLastName84', 'Mr.', 'engFirstName84', 'engLastName84', '1980-01-01', 'Male',
 'IT', 'user', '0812345678', 'uesr84@example.com', 'jZae727K08KaOmKSgOaGzww/XVqGr/PKEgIMkjrcbJI='),
('EMP0085', 'นาย', 'thaiFirstName85', 'thaiLastName85', 'Mr.', 'engFirstName85', 'engLastName85', '1980-01-01', 'Male',
 'IT', 'user', '0812345678', 'uesr85@example.com', 'jZae727K08KaOmKSgOaGzww/XVqGr/PKEgIMkjrcbJI='),
('EMP0086', 'นาย', 'thaiFirstName86', 'thaiLastName86', 'Mr.', 'engFirstName86', 'engLastName86', '1980-01-01', 'Male',
 'IT', 'user', '0812345678', 'uesr86@example.com', 'jZae727K08KaOmKSgOaGzww/XVqGr/PKEgIMkjrcbJI='),
('EMP0087', 'นาย', 'thaiFirstName87', 'thaiLastName87', 'Mr.', 'engFirstName87', 'engLastName87', '1980-01-01', 'Male',
 'IT', 'user', '0812345678', 'uesr87@example.com', 'jZae727K08KaOmKSgOaGzww/XVqGr/PKEgIMkjrcbJI='),
('EMP0088', 'นาย', 'thaiFirstName88', 'thaiLastName88', 'Mr.', 'engFirstName88', 'engLastName88', '1980-01-01', 'Male',
 'IT', 'user', '0812345678', 'uesr88@example.com', 'jZae727K08KaOmKSgOaGzww/XVqGr/PKEgIMkjrcbJI='),
('EMP0089', 'นาย', 'thaiFirstName89', 'thaiLastName89', 'Mr.', 'engFirstName89', 'engLastName89', '1980-01-01', 'Male',
 'IT', 'user', '0812345678', 'uesr89@example.com', 'jZae727K08KaOmKSgOaGzww/XVqGr/PKEgIMkjrcbJI='),
('EMP0090', 'นาย', 'thaiFirstName90', 'thaiLastName90', 'Mr.', 'engFirstName90', 'engLastName90', '1980-01-01', 'Male',
 'IT', 'user', '0812345678', 'uesr90@example.com', 'jZae727K08KaOmKSgOaGzww/XVqGr/PKEgIMkjrcbJI='),
('EMP0091', 'นาย', 'thaiFirstName91', 'thaiLastName91', 'Mr.', 'engFirstName91', 'engLastName91', '1980-01-01', 'Male',
 'IT', 'user', '0812345678', 'uesr91@example.com', 'jZae727K08KaOmKSgOaGzww/XVqGr/PKEgIMkjrcbJI='),
('EMP0092', 'นาย', 'thaiFirstName92', 'thaiLastName92', 'Mr.', 'engFirstName92', 'engLastName92', '1980-01-01', 'Male',
 'IT', 'user', '0812345678', 'uesr92@example.com', 'jZae727K08KaOmKSgOaGzww/XVqGr/PKEgIMkjrcbJI='),
('EMP0093', 'นาย', 'thaiFirstName93', 'thaiLastName93', 'Mr.', 'engFirstName93', 'engLastName93', '1980-01-01', 'Male',
 'IT', 'user', '0812345678', 'uesr93@example.com', 'jZae727K08KaOmKSgOaGzww/XVqGr/PKEgIMkjrcbJI='),
('EMP0094', 'นาย', 'thaiFirstName94', 'thaiLastName94', 'Mr.', 'engFirstName94', 'engLastName94', '1980-01-01', 'Male',
 'IT', 'user', '0812345678', 'uesr94@example.com', 'jZae727K08KaOmKSgOaGzww/XVqGr/PKEgIMkjrcbJI='),
('EMP0095', 'นาย', 'thaiFirstName95', 'thaiLastName95', 'Mr.', 'engFirstName95', 'engLastName95', '1980-01-01', 'Male',
 'IT', 'user', '0812345678', 'uesr95@example.com', 'jZae727K08KaOmKSgOaGzww/XVqGr/PKEgIMkjrcbJI='),
('EMP0096', 'นาย', 'thaiFirstName96', 'thaiLastName96', 'Mr.', 'engFirstName96', 'engLastName96', '1980-01-01', 'Male',
 'IT', 'user', '0812345678', 'uesr96@example.com', 'jZae727K08KaOmKSgOaGzww/XVqGr/PKEgIMkjrcbJI='),
('EMP0097', 'นาย', 'thaiFirstName97', 'thaiLastName97', 'Mr.', 'engFirstName97', 'engLastName97', '1980-01-01', 'Male',
 'IT', 'user', '0812345678', 'uesr97@example.com', 'jZae727K08KaOmKSgOaGzww/XVqGr/PKEgIMkjrcbJI='),
('EMP0098', 'นาย', 'thaiFirstName98', 'thaiLastName98', 'Mr.', 'engFirstName98', 'engLastName98', '1980-01-01', 'Male',
 'IT', 'user', '0812345678', 'uesr98@example.com', 'jZae727K08KaOmKSgOaGzww/XVqGr/PKEgIMkjrcbJI='),
('EMP0099', 'นาย', 'thaiFirstName99', 'thaiLastName99', 'Mr.', 'engFirstName99', 'engLastName99', '1980-01-01', 'Male',
 'IT', 'user', '0812345678', 'uesr99@example.com', 'jZae727K08KaOmKSgOaGzww/XVqGr/PKEgIMkjrcbJI=');

-- Create the employees table
CREATE DATABASE attendance
    ENCODING 'UTF8';

\c attendance;

DROP TABLE IF EXISTS attendances;


CREATE TABLE attendances
(
    id                SERIAL PRIMARY KEY,
    employee_id       VARCHAR(255) NOT NULL,
    check_in          TIMESTAMP,
    check_out         TIMESTAMP,
    date              VARCHAR(255) NOT NULL,
    leave_id          INT,
    employee_name     VARCHAR(255),
    employee_lastname VARCHAR(255)
);

INSERT INTO attendances (employee_id, check_in, check_out, date, leave_id, employee_name, employee_lastname)
VALUES

('EMP0000', '2024-05-14T08:00:00Z', '2024-05-14T17:00:00Z', '14/05/2024', '-1', 'engFirstName0', 'engLastName0'),
('EMP0000', '2024-05-15T011:00:00Z', '2024-05-15T17:00:00Z', '14/05/2024', '-1', 'engFirstName0', 'engLastName0'),
('EMP0000', '0001-01-01T00:00:00Z', '0001-01-01T00:00:00Z', '14/05/2024', '1', 'engFirstName0', 'engLastName0'),
('EMP0001', '2024-05-14T08:00:00Z', '2024-05-14T17:00:00Z', '14/05/2024', '-1', 'engFirstName1', 'engLastName1'),
('EMP0001', '2024-05-15T011:00:00Z', '2024-05-15T17:00:00Z', '14/05/2024', '-1', 'engFirstName1', 'engLastName1'),
('EMP0001', '0001-01-01T00:00:00Z', '0001-01-01T00:00:00Z', '14/05/2024', '2', 'engFirstName1', 'engLastName1'),
('EMP0002', '2024-05-14T08:00:00Z', '2024-05-14T17:00:00Z', '14/05/2024', '-1', 'engFirstName2', 'engLastName2'),
('EMP0002', '2024-05-15T011:00:00Z', '2024-05-15T17:00:00Z', '14/05/2024', '-1', 'engFirstName2', 'engLastName2'),
('EMP0002', '0001-01-01T00:00:00Z', '0001-01-01T00:00:00Z', '14/05/2024', '3', 'engFirstName2', 'engLastName2'),
('EMP0003', '2024-05-14T08:00:00Z', '2024-05-14T17:00:00Z', '14/05/2024', '-1', 'engFirstName3', 'engLastName3'),
('EMP0003', '2024-05-15T011:00:00Z', '2024-05-15T17:00:00Z', '14/05/2024', '-1', 'engFirstName3', 'engLastName3'),
('EMP0003', '0001-01-01T00:00:00Z', '0001-01-01T00:00:00Z', '14/05/2024', '4', 'engFirstName3', 'engLastName3'),
('EMP0004', '2024-05-14T08:00:00Z', '2024-05-14T17:00:00Z', '14/05/2024', '-1', 'engFirstName4', 'engLastName4'),
('EMP0004', '2024-05-15T011:00:00Z', '2024-05-15T17:00:00Z', '14/05/2024', '-1', 'engFirstName4', 'engLastName4'),
('EMP0004', '0001-01-01T00:00:00Z', '0001-01-01T00:00:00Z', '14/05/2024', '5', 'engFirstName4', 'engLastName4'),
('EMP0005', '2024-05-14T08:00:00Z', '2024-05-14T17:00:00Z', '14/05/2024', '-1', 'engFirstName5', 'engLastName5'),
('EMP0005', '2024-05-15T011:00:00Z', '2024-05-15T17:00:00Z', '14/05/2024', '-1', 'engFirstName5', 'engLastName5'),
('EMP0005', '0001-01-01T00:00:00Z', '0001-01-01T00:00:00Z', '14/05/2024', '6', 'engFirstName5', 'engLastName5'),
('EMP0006', '2024-05-14T08:00:00Z', '2024-05-14T17:00:00Z', '14/05/2024', '-1', 'engFirstName6', 'engLastName6'),
('EMP0006', '2024-05-15T011:00:00Z', '2024-05-15T17:00:00Z', '14/05/2024', '-1', 'engFirstName6', 'engLastName6'),
('EMP0006', '0001-01-01T00:00:00Z', '0001-01-01T00:00:00Z', '14/05/2024', '7', 'engFirstName6', 'engLastName6'),
('EMP0007', '2024-05-14T08:00:00Z', '2024-05-14T17:00:00Z', '14/05/2024', '-1', 'engFirstName7', 'engLastName7'),
('EMP0007', '2024-05-15T011:00:00Z', '2024-05-15T17:00:00Z', '14/05/2024', '-1', 'engFirstName7', 'engLastName7'),
('EMP0007', '0001-01-01T00:00:00Z', '0001-01-01T00:00:00Z', '14/05/2024', '8', 'engFirstName7', 'engLastName7'),
('EMP0008', '2024-05-14T08:00:00Z', '2024-05-14T17:00:00Z', '14/05/2024', '-1', 'engFirstName8', 'engLastName8'),
('EMP0008', '2024-05-15T011:00:00Z', '2024-05-15T17:00:00Z', '14/05/2024', '-1', 'engFirstName8', 'engLastName8'),
('EMP0008', '0001-01-01T00:00:00Z', '0001-01-01T00:00:00Z', '14/05/2024', '9', 'engFirstName8', 'engLastName8'),
('EMP0009', '2024-05-14T08:00:00Z', '2024-05-14T17:00:00Z', '14/05/2024', '-1', 'engFirstName9', 'engLastName9'),
('EMP0009', '2024-05-15T011:00:00Z', '2024-05-15T17:00:00Z', '14/05/2024', '-1', 'engFirstName9', 'engLastName9'),
('EMP0009', '0001-01-01T00:00:00Z', '0001-01-01T00:00:00Z', '14/05/2024', '10', 'engFirstName9', 'engLastName9'),
('EMP0010', '2024-05-14T08:00:00Z', '2024-05-14T17:00:00Z', '14/05/2024', '-1', 'engFirstName10', 'engLastName10'),
('EMP0010', '2024-05-15T011:00:00Z', '2024-05-15T17:00:00Z', '14/05/2024', '-1', 'engFirstName10', 'engLastName10'),
('EMP0010', '0001-01-01T00:00:00Z', '0001-01-01T00:00:00Z', '14/05/2024', '11', 'engFirstName10', 'engLastName10'),
('EMP0011', '2024-05-14T08:00:00Z', '2024-05-14T17:00:00Z', '14/05/2024', '-1', 'engFirstName11', 'engLastName11'),
('EMP0011', '2024-05-15T011:00:00Z', '2024-05-15T17:00:00Z', '14/05/2024', '-1', 'engFirstName11', 'engLastName11'),
('EMP0011', '0001-01-01T00:00:00Z', '0001-01-01T00:00:00Z', '14/05/2024', '12', 'engFirstName11', 'engLastName11'),
('EMP0012', '2024-05-14T08:00:00Z', '2024-05-14T17:00:00Z', '14/05/2024', '-1', 'engFirstName12', 'engLastName12'),
('EMP0012', '2024-05-15T011:00:00Z', '2024-05-15T17:00:00Z', '14/05/2024', '-1', 'engFirstName12', 'engLastName12'),
('EMP0012', '0001-01-01T00:00:00Z', '0001-01-01T00:00:00Z', '14/05/2024', '13', 'engFirstName12', 'engLastName12'),
('EMP0013', '2024-05-14T08:00:00Z', '2024-05-14T17:00:00Z', '14/05/2024', '-1', 'engFirstName13', 'engLastName13'),
('EMP0013', '2024-05-15T011:00:00Z', '2024-05-15T17:00:00Z', '14/05/2024', '-1', 'engFirstName13', 'engLastName13'),
('EMP0013', '0001-01-01T00:00:00Z', '0001-01-01T00:00:00Z', '14/05/2024', '14', 'engFirstName13', 'engLastName13'),
('EMP0014', '2024-05-14T08:00:00Z', '2024-05-14T17:00:00Z', '14/05/2024', '-1', 'engFirstName14', 'engLastName14'),
('EMP0014', '2024-05-15T011:00:00Z', '2024-05-15T17:00:00Z', '14/05/2024', '-1', 'engFirstName14', 'engLastName14'),
('EMP0014', '0001-01-01T00:00:00Z', '0001-01-01T00:00:00Z', '14/05/2024', '15', 'engFirstName14', 'engLastName14'),
('EMP0015', '2024-05-14T08:00:00Z', '2024-05-14T17:00:00Z', '14/05/2024', '-1', 'engFirstName15', 'engLastName15'),
('EMP0015', '2024-05-15T011:00:00Z', '2024-05-15T17:00:00Z', '14/05/2024', '-1', 'engFirstName15', 'engLastName15'),
('EMP0015', '0001-01-01T00:00:00Z', '0001-01-01T00:00:00Z', '14/05/2024', '16', 'engFirstName15', 'engLastName15'),
('EMP0016', '2024-05-14T08:00:00Z', '2024-05-14T17:00:00Z', '14/05/2024', '-1', 'engFirstName16', 'engLastName16'),
('EMP0016', '2024-05-15T011:00:00Z', '2024-05-15T17:00:00Z', '14/05/2024', '-1', 'engFirstName16', 'engLastName16'),
('EMP0016', '0001-01-01T00:00:00Z', '0001-01-01T00:00:00Z', '14/05/2024', '17', 'engFirstName16', 'engLastName16'),
('EMP0017', '2024-05-14T08:00:00Z', '2024-05-14T17:00:00Z', '14/05/2024', '-1', 'engFirstName17', 'engLastName17'),
('EMP0017', '2024-05-15T011:00:00Z', '2024-05-15T17:00:00Z', '14/05/2024', '-1', 'engFirstName17', 'engLastName17'),
('EMP0017', '0001-01-01T00:00:00Z', '0001-01-01T00:00:00Z', '14/05/2024', '18', 'engFirstName17', 'engLastName17'),
('EMP0018', '2024-05-14T08:00:00Z', '2024-05-14T17:00:00Z', '14/05/2024', '-1', 'engFirstName18', 'engLastName18'),
('EMP0018', '2024-05-15T011:00:00Z', '2024-05-15T17:00:00Z', '14/05/2024', '-1', 'engFirstName18', 'engLastName18'),
('EMP0018', '0001-01-01T00:00:00Z', '0001-01-01T00:00:00Z', '14/05/2024', '19', 'engFirstName18', 'engLastName18'),
('EMP0019', '2024-05-14T08:00:00Z', '2024-05-14T17:00:00Z', '14/05/2024', '-1', 'engFirstName19', 'engLastName19'),
('EMP0019', '2024-05-15T011:00:00Z', '2024-05-15T17:00:00Z', '14/05/2024', '-1', 'engFirstName19', 'engLastName19'),
('EMP0019', '0001-01-01T00:00:00Z', '0001-01-01T00:00:00Z', '14/05/2024', '20', 'engFirstName19', 'engLastName19'),
('EMP0020', '2024-05-14T08:00:00Z', '2024-05-14T17:00:00Z', '14/05/2024', '-1', 'engFirstName20', 'engLastName20'),
('EMP0020', '2024-05-15T011:00:00Z', '2024-05-15T17:00:00Z', '14/05/2024', '-1', 'engFirstName20', 'engLastName20'),
('EMP0020', '0001-01-01T00:00:00Z', '0001-01-01T00:00:00Z', '14/05/2024', '21', 'engFirstName20', 'engLastName20'),
('EMP0021', '2024-05-14T08:00:00Z', '2024-05-14T17:00:00Z', '14/05/2024', '-1', 'engFirstName21', 'engLastName21'),
('EMP0021', '2024-05-15T011:00:00Z', '2024-05-15T17:00:00Z', '14/05/2024', '-1', 'engFirstName21', 'engLastName21'),
('EMP0021', '0001-01-01T00:00:00Z', '0001-01-01T00:00:00Z', '14/05/2024', '22', 'engFirstName21', 'engLastName21'),
('EMP0022', '2024-05-14T08:00:00Z', '2024-05-14T17:00:00Z', '14/05/2024', '-1', 'engFirstName22', 'engLastName22'),
('EMP0022', '2024-05-15T011:00:00Z', '2024-05-15T17:00:00Z', '14/05/2024', '-1', 'engFirstName22', 'engLastName22'),
('EMP0022', '0001-01-01T00:00:00Z', '0001-01-01T00:00:00Z', '14/05/2024', '23', 'engFirstName22', 'engLastName22'),
('EMP0023', '2024-05-14T08:00:00Z', '2024-05-14T17:00:00Z', '14/05/2024', '-1', 'engFirstName23', 'engLastName23'),
('EMP0023', '2024-05-15T011:00:00Z', '2024-05-15T17:00:00Z', '14/05/2024', '-1', 'engFirstName23', 'engLastName23'),
('EMP0023', '0001-01-01T00:00:00Z', '0001-01-01T00:00:00Z', '14/05/2024', '24', 'engFirstName23', 'engLastName23'),
('EMP0024', '2024-05-14T08:00:00Z', '2024-05-14T17:00:00Z', '14/05/2024', '-1', 'engFirstName24', 'engLastName24'),
('EMP0024', '2024-05-15T011:00:00Z', '2024-05-15T17:00:00Z', '14/05/2024', '-1', 'engFirstName24', 'engLastName24'),
('EMP0024', '0001-01-01T00:00:00Z', '0001-01-01T00:00:00Z', '14/05/2024', '25', 'engFirstName24', 'engLastName24'),
('EMP0025', '2024-05-14T08:00:00Z', '2024-05-14T17:00:00Z', '14/05/2024', '-1', 'engFirstName25', 'engLastName25'),
('EMP0025', '2024-05-15T011:00:00Z', '2024-05-15T17:00:00Z', '14/05/2024', '-1', 'engFirstName25', 'engLastName25'),
('EMP0025', '0001-01-01T00:00:00Z', '0001-01-01T00:00:00Z', '14/05/2024', '26', 'engFirstName25', 'engLastName25'),
('EMP0026', '2024-05-14T08:00:00Z', '2024-05-14T17:00:00Z', '14/05/2024', '-1', 'engFirstName26', 'engLastName26'),
('EMP0026', '2024-05-15T011:00:00Z', '2024-05-15T17:00:00Z', '14/05/2024', '-1', 'engFirstName26', 'engLastName26'),
('EMP0026', '0001-01-01T00:00:00Z', '0001-01-01T00:00:00Z', '14/05/2024', '27', 'engFirstName26', 'engLastName26'),
('EMP0027', '2024-05-14T08:00:00Z', '2024-05-14T17:00:00Z', '14/05/2024', '-1', 'engFirstName27', 'engLastName27'),
('EMP0027', '2024-05-15T011:00:00Z', '2024-05-15T17:00:00Z', '14/05/2024', '-1', 'engFirstName27', 'engLastName27'),
('EMP0027', '0001-01-01T00:00:00Z', '0001-01-01T00:00:00Z', '14/05/2024', '28', 'engFirstName27', 'engLastName27'),
('EMP0028', '2024-05-14T08:00:00Z', '2024-05-14T17:00:00Z', '14/05/2024', '-1', 'engFirstName28', 'engLastName28'),
('EMP0028', '2024-05-15T011:00:00Z', '2024-05-15T17:00:00Z', '14/05/2024', '-1', 'engFirstName28', 'engLastName28'),
('EMP0028', '0001-01-01T00:00:00Z', '0001-01-01T00:00:00Z', '14/05/2024', '29', 'engFirstName28', 'engLastName28'),
('EMP0029', '2024-05-14T08:00:00Z', '2024-05-14T17:00:00Z', '14/05/2024', '-1', 'engFirstName29', 'engLastName29'),
('EMP0029', '2024-05-15T011:00:00Z', '2024-05-15T17:00:00Z', '14/05/2024', '-1', 'engFirstName29', 'engLastName29'),
('EMP0029', '0001-01-01T00:00:00Z', '0001-01-01T00:00:00Z', '14/05/2024', '30', 'engFirstName29', 'engLastName29'),
('EMP0030', '2024-05-14T08:00:00Z', '2024-05-14T17:00:00Z', '14/05/2024', '-1', 'engFirstName30', 'engLastName30'),
('EMP0030', '2024-05-15T011:00:00Z', '2024-05-15T17:00:00Z', '14/05/2024', '-1', 'engFirstName30', 'engLastName30'),
('EMP0030', '0001-01-01T00:00:00Z', '0001-01-01T00:00:00Z', '14/05/2024', '31', 'engFirstName30', 'engLastName30'),
('EMP0031', '2024-05-14T08:00:00Z', '2024-05-14T17:00:00Z', '14/05/2024', '-1', 'engFirstName31', 'engLastName31'),
('EMP0031', '2024-05-15T011:00:00Z', '2024-05-15T17:00:00Z', '14/05/2024', '-1', 'engFirstName31', 'engLastName31'),
('EMP0031', '0001-01-01T00:00:00Z', '0001-01-01T00:00:00Z', '14/05/2024', '32', 'engFirstName31', 'engLastName31'),
('EMP0032', '2024-05-14T08:00:00Z', '2024-05-14T17:00:00Z', '14/05/2024', '-1', 'engFirstName32', 'engLastName32'),
('EMP0032', '2024-05-15T011:00:00Z', '2024-05-15T17:00:00Z', '14/05/2024', '-1', 'engFirstName32', 'engLastName32'),
('EMP0032', '0001-01-01T00:00:00Z', '0001-01-01T00:00:00Z', '14/05/2024', '33', 'engFirstName32', 'engLastName32'),
('EMP0033', '2024-05-14T08:00:00Z', '2024-05-14T17:00:00Z', '14/05/2024', '-1', 'engFirstName33', 'engLastName33'),
('EMP0033', '2024-05-15T011:00:00Z', '2024-05-15T17:00:00Z', '14/05/2024', '-1', 'engFirstName33', 'engLastName33'),
('EMP0033', '0001-01-01T00:00:00Z', '0001-01-01T00:00:00Z', '14/05/2024', '34', 'engFirstName33', 'engLastName33'),
('EMP0034', '2024-05-14T08:00:00Z', '2024-05-14T17:00:00Z', '14/05/2024', '-1', 'engFirstName34', 'engLastName34'),
('EMP0034', '2024-05-15T011:00:00Z', '2024-05-15T17:00:00Z', '14/05/2024', '-1', 'engFirstName34', 'engLastName34'),
('EMP0034', '0001-01-01T00:00:00Z', '0001-01-01T00:00:00Z', '14/05/2024', '35', 'engFirstName34', 'engLastName34'),
('EMP0035', '2024-05-14T08:00:00Z', '2024-05-14T17:00:00Z', '14/05/2024', '-1', 'engFirstName35', 'engLastName35'),
('EMP0035', '2024-05-15T011:00:00Z', '2024-05-15T17:00:00Z', '14/05/2024', '-1', 'engFirstName35', 'engLastName35'),
('EMP0035', '0001-01-01T00:00:00Z', '0001-01-01T00:00:00Z', '14/05/2024', '36', 'engFirstName35', 'engLastName35'),
('EMP0036', '2024-05-14T08:00:00Z', '2024-05-14T17:00:00Z', '14/05/2024', '-1', 'engFirstName36', 'engLastName36'),
('EMP0036', '2024-05-15T011:00:00Z', '2024-05-15T17:00:00Z', '14/05/2024', '-1', 'engFirstName36', 'engLastName36'),
('EMP0036', '0001-01-01T00:00:00Z', '0001-01-01T00:00:00Z', '14/05/2024', '37', 'engFirstName36', 'engLastName36'),
('EMP0037', '2024-05-14T08:00:00Z', '2024-05-14T17:00:00Z', '14/05/2024', '-1', 'engFirstName37', 'engLastName37'),
('EMP0037', '2024-05-15T011:00:00Z', '2024-05-15T17:00:00Z', '14/05/2024', '-1', 'engFirstName37', 'engLastName37'),
('EMP0037', '0001-01-01T00:00:00Z', '0001-01-01T00:00:00Z', '14/05/2024', '38', 'engFirstName37', 'engLastName37'),
('EMP0038', '2024-05-14T08:00:00Z', '2024-05-14T17:00:00Z', '14/05/2024', '-1', 'engFirstName38', 'engLastName38'),
('EMP0038', '2024-05-15T011:00:00Z', '2024-05-15T17:00:00Z', '14/05/2024', '-1', 'engFirstName38', 'engLastName38'),
('EMP0038', '0001-01-01T00:00:00Z', '0001-01-01T00:00:00Z', '14/05/2024', '39', 'engFirstName38', 'engLastName38'),
('EMP0039', '2024-05-14T08:00:00Z', '2024-05-14T17:00:00Z', '14/05/2024', '-1', 'engFirstName39', 'engLastName39'),
('EMP0039', '2024-05-15T011:00:00Z', '2024-05-15T17:00:00Z', '14/05/2024', '-1', 'engFirstName39', 'engLastName39'),
('EMP0039', '0001-01-01T00:00:00Z', '0001-01-01T00:00:00Z', '14/05/2024', '40', 'engFirstName39', 'engLastName39'),
('EMP0040', '2024-05-14T08:00:00Z', '2024-05-14T17:00:00Z', '14/05/2024', '-1', 'engFirstName40', 'engLastName40'),
('EMP0040', '2024-05-15T011:00:00Z', '2024-05-15T17:00:00Z', '14/05/2024', '-1', 'engFirstName40', 'engLastName40'),
('EMP0040', '0001-01-01T00:00:00Z', '0001-01-01T00:00:00Z', '14/05/2024', '41', 'engFirstName40', 'engLastName40'),
('EMP0041', '2024-05-14T08:00:00Z', '2024-05-14T17:00:00Z', '14/05/2024', '-1', 'engFirstName41', 'engLastName41'),
('EMP0041', '2024-05-15T011:00:00Z', '2024-05-15T17:00:00Z', '14/05/2024', '-1', 'engFirstName41', 'engLastName41'),
('EMP0041', '0001-01-01T00:00:00Z', '0001-01-01T00:00:00Z', '14/05/2024', '42', 'engFirstName41', 'engLastName41'),
('EMP0042', '2024-05-14T08:00:00Z', '2024-05-14T17:00:00Z', '14/05/2024', '-1', 'engFirstName42', 'engLastName42'),
('EMP0042', '2024-05-15T011:00:00Z', '2024-05-15T17:00:00Z', '14/05/2024', '-1', 'engFirstName42', 'engLastName42'),
('EMP0042', '0001-01-01T00:00:00Z', '0001-01-01T00:00:00Z', '14/05/2024', '43', 'engFirstName42', 'engLastName42'),
('EMP0043', '2024-05-14T08:00:00Z', '2024-05-14T17:00:00Z', '14/05/2024', '-1', 'engFirstName43', 'engLastName43'),
('EMP0043', '2024-05-15T011:00:00Z', '2024-05-15T17:00:00Z', '14/05/2024', '-1', 'engFirstName43', 'engLastName43'),
('EMP0043', '0001-01-01T00:00:00Z', '0001-01-01T00:00:00Z', '14/05/2024', '44', 'engFirstName43', 'engLastName43'),
('EMP0044', '2024-05-14T08:00:00Z', '2024-05-14T17:00:00Z', '14/05/2024', '-1', 'engFirstName44', 'engLastName44'),
('EMP0044', '2024-05-15T011:00:00Z', '2024-05-15T17:00:00Z', '14/05/2024', '-1', 'engFirstName44', 'engLastName44'),
('EMP0044', '0001-01-01T00:00:00Z', '0001-01-01T00:00:00Z', '14/05/2024', '45', 'engFirstName44', 'engLastName44'),
('EMP0045', '2024-05-14T08:00:00Z', '2024-05-14T17:00:00Z', '14/05/2024', '-1', 'engFirstName45', 'engLastName45'),
('EMP0045', '2024-05-15T011:00:00Z', '2024-05-15T17:00:00Z', '14/05/2024', '-1', 'engFirstName45', 'engLastName45'),
('EMP0045', '0001-01-01T00:00:00Z', '0001-01-01T00:00:00Z', '14/05/2024', '46', 'engFirstName45', 'engLastName45'),
('EMP0046', '2024-05-14T08:00:00Z', '2024-05-14T17:00:00Z', '14/05/2024', '-1', 'engFirstName46', 'engLastName46'),
('EMP0046', '2024-05-15T011:00:00Z', '2024-05-15T17:00:00Z', '14/05/2024', '-1', 'engFirstName46', 'engLastName46'),
('EMP0046', '0001-01-01T00:00:00Z', '0001-01-01T00:00:00Z', '14/05/2024', '47', 'engFirstName46', 'engLastName46'),
('EMP0047', '2024-05-14T08:00:00Z', '2024-05-14T17:00:00Z', '14/05/2024', '-1', 'engFirstName47', 'engLastName47'),
('EMP0047', '2024-05-15T011:00:00Z', '2024-05-15T17:00:00Z', '14/05/2024', '-1', 'engFirstName47', 'engLastName47'),
('EMP0047', '0001-01-01T00:00:00Z', '0001-01-01T00:00:00Z', '14/05/2024', '48', 'engFirstName47', 'engLastName47'),
('EMP0048', '2024-05-14T08:00:00Z', '2024-05-14T17:00:00Z', '14/05/2024', '-1', 'engFirstName48', 'engLastName48'),
('EMP0048', '2024-05-15T011:00:00Z', '2024-05-15T17:00:00Z', '14/05/2024', '-1', 'engFirstName48', 'engLastName48'),
('EMP0048', '0001-01-01T00:00:00Z', '0001-01-01T00:00:00Z', '14/05/2024', '49', 'engFirstName48', 'engLastName48'),
('EMP0049', '2024-05-14T08:00:00Z', '2024-05-14T17:00:00Z', '14/05/2024', '-1', 'engFirstName49', 'engLastName49'),
('EMP0049', '2024-05-15T011:00:00Z', '2024-05-15T17:00:00Z', '14/05/2024', '-1', 'engFirstName49', 'engLastName49'),
('EMP0049', '0001-01-01T00:00:00Z', '0001-01-01T00:00:00Z', '14/05/2024', '50', 'engFirstName49', 'engLastName49'),
('EMP0050', '2024-05-14T08:00:00Z', '2024-05-14T17:00:00Z', '14/05/2024', '-1', 'engFirstName50', 'engLastName50'),
('EMP0050', '2024-05-15T011:00:00Z', '2024-05-15T17:00:00Z', '14/05/2024', '-1', 'engFirstName50', 'engLastName50'),
('EMP0050', '0001-01-01T00:00:00Z', '0001-01-01T00:00:00Z', '14/05/2024', '51', 'engFirstName50', 'engLastName50'),
('EMP0051', '2024-05-14T08:00:00Z', '2024-05-14T17:00:00Z', '14/05/2024', '-1', 'engFirstName51', 'engLastName51'),
('EMP0051', '2024-05-15T011:00:00Z', '2024-05-15T17:00:00Z', '14/05/2024', '-1', 'engFirstName51', 'engLastName51'),
('EMP0051', '0001-01-01T00:00:00Z', '0001-01-01T00:00:00Z', '14/05/2024', '52', 'engFirstName51', 'engLastName51'),
('EMP0052', '2024-05-14T08:00:00Z', '2024-05-14T17:00:00Z', '14/05/2024', '-1', 'engFirstName52', 'engLastName52'),
('EMP0052', '2024-05-15T011:00:00Z', '2024-05-15T17:00:00Z', '14/05/2024', '-1', 'engFirstName52', 'engLastName52'),
('EMP0052', '0001-01-01T00:00:00Z', '0001-01-01T00:00:00Z', '14/05/2024', '53', 'engFirstName52', 'engLastName52'),
('EMP0053', '2024-05-14T08:00:00Z', '2024-05-14T17:00:00Z', '14/05/2024', '-1', 'engFirstName53', 'engLastName53'),
('EMP0053', '2024-05-15T011:00:00Z', '2024-05-15T17:00:00Z', '14/05/2024', '-1', 'engFirstName53', 'engLastName53'),
('EMP0053', '0001-01-01T00:00:00Z', '0001-01-01T00:00:00Z', '14/05/2024', '54', 'engFirstName53', 'engLastName53'),
('EMP0054', '2024-05-14T08:00:00Z', '2024-05-14T17:00:00Z', '14/05/2024', '-1', 'engFirstName54', 'engLastName54'),
('EMP0054', '2024-05-15T011:00:00Z', '2024-05-15T17:00:00Z', '14/05/2024', '-1', 'engFirstName54', 'engLastName54'),
('EMP0054', '0001-01-01T00:00:00Z', '0001-01-01T00:00:00Z', '14/05/2024', '55', 'engFirstName54', 'engLastName54'),
('EMP0055', '2024-05-14T08:00:00Z', '2024-05-14T17:00:00Z', '14/05/2024', '-1', 'engFirstName55', 'engLastName55'),
('EMP0055', '2024-05-15T011:00:00Z', '2024-05-15T17:00:00Z', '14/05/2024', '-1', 'engFirstName55', 'engLastName55'),
('EMP0055', '0001-01-01T00:00:00Z', '0001-01-01T00:00:00Z', '14/05/2024', '56', 'engFirstName55', 'engLastName55'),
('EMP0056', '2024-05-14T08:00:00Z', '2024-05-14T17:00:00Z', '14/05/2024', '-1', 'engFirstName56', 'engLastName56'),
('EMP0056', '2024-05-15T011:00:00Z', '2024-05-15T17:00:00Z', '14/05/2024', '-1', 'engFirstName56', 'engLastName56'),
('EMP0056', '0001-01-01T00:00:00Z', '0001-01-01T00:00:00Z', '14/05/2024', '57', 'engFirstName56', 'engLastName56'),
('EMP0057', '2024-05-14T08:00:00Z', '2024-05-14T17:00:00Z', '14/05/2024', '-1', 'engFirstName57', 'engLastName57'),
('EMP0057', '2024-05-15T011:00:00Z', '2024-05-15T17:00:00Z', '14/05/2024', '-1', 'engFirstName57', 'engLastName57'),
('EMP0057', '0001-01-01T00:00:00Z', '0001-01-01T00:00:00Z', '14/05/2024', '58', 'engFirstName57', 'engLastName57'),
('EMP0058', '2024-05-14T08:00:00Z', '2024-05-14T17:00:00Z', '14/05/2024', '-1', 'engFirstName58', 'engLastName58'),
('EMP0058', '2024-05-15T011:00:00Z', '2024-05-15T17:00:00Z', '14/05/2024', '-1', 'engFirstName58', 'engLastName58'),
('EMP0058', '0001-01-01T00:00:00Z', '0001-01-01T00:00:00Z', '14/05/2024', '59', 'engFirstName58', 'engLastName58'),
('EMP0059', '2024-05-14T08:00:00Z', '2024-05-14T17:00:00Z', '14/05/2024', '-1', 'engFirstName59', 'engLastName59'),
('EMP0059', '2024-05-15T011:00:00Z', '2024-05-15T17:00:00Z', '14/05/2024', '-1', 'engFirstName59', 'engLastName59'),
('EMP0059', '0001-01-01T00:00:00Z', '0001-01-01T00:00:00Z', '14/05/2024', '60', 'engFirstName59', 'engLastName59'),
('EMP0060', '2024-05-14T08:00:00Z', '2024-05-14T17:00:00Z', '14/05/2024', '-1', 'engFirstName60', 'engLastName60'),
('EMP0060', '2024-05-15T011:00:00Z', '2024-05-15T17:00:00Z', '14/05/2024', '-1', 'engFirstName60', 'engLastName60'),
('EMP0060', '0001-01-01T00:00:00Z', '0001-01-01T00:00:00Z', '14/05/2024', '61', 'engFirstName60', 'engLastName60'),
('EMP0061', '2024-05-14T08:00:00Z', '2024-05-14T17:00:00Z', '14/05/2024', '-1', 'engFirstName61', 'engLastName61'),
('EMP0061', '2024-05-15T011:00:00Z', '2024-05-15T17:00:00Z', '14/05/2024', '-1', 'engFirstName61', 'engLastName61'),
('EMP0061', '0001-01-01T00:00:00Z', '0001-01-01T00:00:00Z', '14/05/2024', '62', 'engFirstName61', 'engLastName61'),
('EMP0062', '2024-05-14T08:00:00Z', '2024-05-14T17:00:00Z', '14/05/2024', '-1', 'engFirstName62', 'engLastName62'),
('EMP0062', '2024-05-15T011:00:00Z', '2024-05-15T17:00:00Z', '14/05/2024', '-1', 'engFirstName62', 'engLastName62'),
('EMP0062', '0001-01-01T00:00:00Z', '0001-01-01T00:00:00Z', '14/05/2024', '63', 'engFirstName62', 'engLastName62'),
('EMP0063', '2024-05-14T08:00:00Z', '2024-05-14T17:00:00Z', '14/05/2024', '-1', 'engFirstName63', 'engLastName63'),
('EMP0063', '2024-05-15T011:00:00Z', '2024-05-15T17:00:00Z', '14/05/2024', '-1', 'engFirstName63', 'engLastName63'),
('EMP0063', '0001-01-01T00:00:00Z', '0001-01-01T00:00:00Z', '14/05/2024', '64', 'engFirstName63', 'engLastName63'),
('EMP0064', '2024-05-14T08:00:00Z', '2024-05-14T17:00:00Z', '14/05/2024', '-1', 'engFirstName64', 'engLastName64'),
('EMP0064', '2024-05-15T011:00:00Z', '2024-05-15T17:00:00Z', '14/05/2024', '-1', 'engFirstName64', 'engLastName64'),
('EMP0064', '0001-01-01T00:00:00Z', '0001-01-01T00:00:00Z', '14/05/2024', '65', 'engFirstName64', 'engLastName64'),
('EMP0065', '2024-05-14T08:00:00Z', '2024-05-14T17:00:00Z', '14/05/2024', '-1', 'engFirstName65', 'engLastName65'),
('EMP0065', '2024-05-15T011:00:00Z', '2024-05-15T17:00:00Z', '14/05/2024', '-1', 'engFirstName65', 'engLastName65'),
('EMP0065', '0001-01-01T00:00:00Z', '0001-01-01T00:00:00Z', '14/05/2024', '66', 'engFirstName65', 'engLastName65'),
('EMP0066', '2024-05-14T08:00:00Z', '2024-05-14T17:00:00Z', '14/05/2024', '-1', 'engFirstName66', 'engLastName66'),
('EMP0066', '2024-05-15T011:00:00Z', '2024-05-15T17:00:00Z', '14/05/2024', '-1', 'engFirstName66', 'engLastName66'),
('EMP0066', '0001-01-01T00:00:00Z', '0001-01-01T00:00:00Z', '14/05/2024', '67', 'engFirstName66', 'engLastName66'),
('EMP0067', '2024-05-14T08:00:00Z', '2024-05-14T17:00:00Z', '14/05/2024', '-1', 'engFirstName67', 'engLastName67'),
('EMP0067', '2024-05-15T011:00:00Z', '2024-05-15T17:00:00Z', '14/05/2024', '-1', 'engFirstName67', 'engLastName67'),
('EMP0067', '0001-01-01T00:00:00Z', '0001-01-01T00:00:00Z', '14/05/2024', '68', 'engFirstName67', 'engLastName67'),
('EMP0068', '2024-05-14T08:00:00Z', '2024-05-14T17:00:00Z', '14/05/2024', '-1', 'engFirstName68', 'engLastName68'),
('EMP0068', '2024-05-15T011:00:00Z', '2024-05-15T17:00:00Z', '14/05/2024', '-1', 'engFirstName68', 'engLastName68'),
('EMP0068', '0001-01-01T00:00:00Z', '0001-01-01T00:00:00Z', '14/05/2024', '69', 'engFirstName68', 'engLastName68'),
('EMP0069', '2024-05-14T08:00:00Z', '2024-05-14T17:00:00Z', '14/05/2024', '-1', 'engFirstName69', 'engLastName69'),
('EMP0069', '2024-05-15T011:00:00Z', '2024-05-15T17:00:00Z', '14/05/2024', '-1', 'engFirstName69', 'engLastName69'),
('EMP0069', '0001-01-01T00:00:00Z', '0001-01-01T00:00:00Z', '14/05/2024', '70', 'engFirstName69', 'engLastName69'),
('EMP0070', '2024-05-14T08:00:00Z', '2024-05-14T17:00:00Z', '14/05/2024', '-1', 'engFirstName70', 'engLastName70'),
('EMP0070', '2024-05-15T011:00:00Z', '2024-05-15T17:00:00Z', '14/05/2024', '-1', 'engFirstName70', 'engLastName70'),
('EMP0070', '0001-01-01T00:00:00Z', '0001-01-01T00:00:00Z', '14/05/2024', '71', 'engFirstName70', 'engLastName70'),
('EMP0071', '2024-05-14T08:00:00Z', '2024-05-14T17:00:00Z', '14/05/2024', '-1', 'engFirstName71', 'engLastName71'),
('EMP0071', '2024-05-15T011:00:00Z', '2024-05-15T17:00:00Z', '14/05/2024', '-1', 'engFirstName71', 'engLastName71'),
('EMP0071', '0001-01-01T00:00:00Z', '0001-01-01T00:00:00Z', '14/05/2024', '72', 'engFirstName71', 'engLastName71'),
('EMP0072', '2024-05-14T08:00:00Z', '2024-05-14T17:00:00Z', '14/05/2024', '-1', 'engFirstName72', 'engLastName72'),
('EMP0072', '2024-05-15T011:00:00Z', '2024-05-15T17:00:00Z', '14/05/2024', '-1', 'engFirstName72', 'engLastName72'),
('EMP0072', '0001-01-01T00:00:00Z', '0001-01-01T00:00:00Z', '14/05/2024', '73', 'engFirstName72', 'engLastName72'),
('EMP0073', '2024-05-14T08:00:00Z', '2024-05-14T17:00:00Z', '14/05/2024', '-1', 'engFirstName73', 'engLastName73'),
('EMP0073', '2024-05-15T011:00:00Z', '2024-05-15T17:00:00Z', '14/05/2024', '-1', 'engFirstName73', 'engLastName73'),
('EMP0073', '0001-01-01T00:00:00Z', '0001-01-01T00:00:00Z', '14/05/2024', '74', 'engFirstName73', 'engLastName73'),
('EMP0074', '2024-05-14T08:00:00Z', '2024-05-14T17:00:00Z', '14/05/2024', '-1', 'engFirstName74', 'engLastName74'),
('EMP0074', '2024-05-15T011:00:00Z', '2024-05-15T17:00:00Z', '14/05/2024', '-1', 'engFirstName74', 'engLastName74'),
('EMP0074', '0001-01-01T00:00:00Z', '0001-01-01T00:00:00Z', '14/05/2024', '75', 'engFirstName74', 'engLastName74'),
('EMP0075', '2024-05-14T08:00:00Z', '2024-05-14T17:00:00Z', '14/05/2024', '-1', 'engFirstName75', 'engLastName75'),
('EMP0075', '2024-05-15T011:00:00Z', '2024-05-15T17:00:00Z', '14/05/2024', '-1', 'engFirstName75', 'engLastName75'),
('EMP0075', '0001-01-01T00:00:00Z', '0001-01-01T00:00:00Z', '14/05/2024', '76', 'engFirstName75', 'engLastName75'),
('EMP0076', '2024-05-14T08:00:00Z', '2024-05-14T17:00:00Z', '14/05/2024', '-1', 'engFirstName76', 'engLastName76'),
('EMP0076', '2024-05-15T011:00:00Z', '2024-05-15T17:00:00Z', '14/05/2024', '-1', 'engFirstName76', 'engLastName76'),
('EMP0076', '0001-01-01T00:00:00Z', '0001-01-01T00:00:00Z', '14/05/2024', '77', 'engFirstName76', 'engLastName76'),
('EMP0077', '2024-05-14T08:00:00Z', '2024-05-14T17:00:00Z', '14/05/2024', '-1', 'engFirstName77', 'engLastName77'),
('EMP0077', '2024-05-15T011:00:00Z', '2024-05-15T17:00:00Z', '14/05/2024', '-1', 'engFirstName77', 'engLastName77'),
('EMP0077', '0001-01-01T00:00:00Z', '0001-01-01T00:00:00Z', '14/05/2024', '78', 'engFirstName77', 'engLastName77'),
('EMP0078', '2024-05-14T08:00:00Z', '2024-05-14T17:00:00Z', '14/05/2024', '-1', 'engFirstName78', 'engLastName78'),
('EMP0078', '2024-05-15T011:00:00Z', '2024-05-15T17:00:00Z', '14/05/2024', '-1', 'engFirstName78', 'engLastName78'),
('EMP0078', '0001-01-01T00:00:00Z', '0001-01-01T00:00:00Z', '14/05/2024', '79', 'engFirstName78', 'engLastName78'),
('EMP0079', '2024-05-14T08:00:00Z', '2024-05-14T17:00:00Z', '14/05/2024', '-1', 'engFirstName79', 'engLastName79'),
('EMP0079', '2024-05-15T011:00:00Z', '2024-05-15T17:00:00Z', '14/05/2024', '-1', 'engFirstName79', 'engLastName79'),
('EMP0079', '0001-01-01T00:00:00Z', '0001-01-01T00:00:00Z', '14/05/2024', '80', 'engFirstName79', 'engLastName79'),
('EMP0080', '2024-05-14T08:00:00Z', '2024-05-14T17:00:00Z', '14/05/2024', '-1', 'engFirstName80', 'engLastName80'),
('EMP0080', '2024-05-15T011:00:00Z', '2024-05-15T17:00:00Z', '14/05/2024', '-1', 'engFirstName80', 'engLastName80'),
('EMP0080', '0001-01-01T00:00:00Z', '0001-01-01T00:00:00Z', '14/05/2024', '81', 'engFirstName80', 'engLastName80'),
('EMP0081', '2024-05-14T08:00:00Z', '2024-05-14T17:00:00Z', '14/05/2024', '-1', 'engFirstName81', 'engLastName81'),
('EMP0081', '2024-05-15T011:00:00Z', '2024-05-15T17:00:00Z', '14/05/2024', '-1', 'engFirstName81', 'engLastName81'),
('EMP0081', '0001-01-01T00:00:00Z', '0001-01-01T00:00:00Z', '14/05/2024', '82', 'engFirstName81', 'engLastName81'),
('EMP0082', '2024-05-14T08:00:00Z', '2024-05-14T17:00:00Z', '14/05/2024', '-1', 'engFirstName82', 'engLastName82'),
('EMP0082', '2024-05-15T011:00:00Z', '2024-05-15T17:00:00Z', '14/05/2024', '-1', 'engFirstName82', 'engLastName82'),
('EMP0082', '0001-01-01T00:00:00Z', '0001-01-01T00:00:00Z', '14/05/2024', '83', 'engFirstName82', 'engLastName82'),
('EMP0083', '2024-05-14T08:00:00Z', '2024-05-14T17:00:00Z', '14/05/2024', '-1', 'engFirstName83', 'engLastName83'),
('EMP0083', '2024-05-15T011:00:00Z', '2024-05-15T17:00:00Z', '14/05/2024', '-1', 'engFirstName83', 'engLastName83'),
('EMP0083', '0001-01-01T00:00:00Z', '0001-01-01T00:00:00Z', '14/05/2024', '84', 'engFirstName83', 'engLastName83'),
('EMP0084', '2024-05-14T08:00:00Z', '2024-05-14T17:00:00Z', '14/05/2024', '-1', 'engFirstName84', 'engLastName84'),
('EMP0084', '2024-05-15T011:00:00Z', '2024-05-15T17:00:00Z', '14/05/2024', '-1', 'engFirstName84', 'engLastName84'),
('EMP0084', '0001-01-01T00:00:00Z', '0001-01-01T00:00:00Z', '14/05/2024', '85', 'engFirstName84', 'engLastName84'),
('EMP0085', '2024-05-14T08:00:00Z', '2024-05-14T17:00:00Z', '14/05/2024', '-1', 'engFirstName85', 'engLastName85'),
('EMP0085', '2024-05-15T011:00:00Z', '2024-05-15T17:00:00Z', '14/05/2024', '-1', 'engFirstName85', 'engLastName85'),
('EMP0085', '0001-01-01T00:00:00Z', '0001-01-01T00:00:00Z', '14/05/2024', '86', 'engFirstName85', 'engLastName85'),
('EMP0086', '2024-05-14T08:00:00Z', '2024-05-14T17:00:00Z', '14/05/2024', '-1', 'engFirstName86', 'engLastName86'),
('EMP0086', '2024-05-15T011:00:00Z', '2024-05-15T17:00:00Z', '14/05/2024', '-1', 'engFirstName86', 'engLastName86'),
('EMP0086', '0001-01-01T00:00:00Z', '0001-01-01T00:00:00Z', '14/05/2024', '87', 'engFirstName86', 'engLastName86'),
('EMP0087', '2024-05-14T08:00:00Z', '2024-05-14T17:00:00Z', '14/05/2024', '-1', 'engFirstName87', 'engLastName87'),
('EMP0087', '2024-05-15T011:00:00Z', '2024-05-15T17:00:00Z', '14/05/2024', '-1', 'engFirstName87', 'engLastName87'),
('EMP0087', '0001-01-01T00:00:00Z', '0001-01-01T00:00:00Z', '14/05/2024', '88', 'engFirstName87', 'engLastName87'),
('EMP0088', '2024-05-14T08:00:00Z', '2024-05-14T17:00:00Z', '14/05/2024', '-1', 'engFirstName88', 'engLastName88'),
('EMP0088', '2024-05-15T011:00:00Z', '2024-05-15T17:00:00Z', '14/05/2024', '-1', 'engFirstName88', 'engLastName88'),
('EMP0088', '0001-01-01T00:00:00Z', '0001-01-01T00:00:00Z', '14/05/2024', '89', 'engFirstName88', 'engLastName88'),
('EMP0089', '2024-05-14T08:00:00Z', '2024-05-14T17:00:00Z', '14/05/2024', '-1', 'engFirstName89', 'engLastName89'),
('EMP0089', '2024-05-15T011:00:00Z', '2024-05-15T17:00:00Z', '14/05/2024', '-1', 'engFirstName89', 'engLastName89'),
('EMP0089', '0001-01-01T00:00:00Z', '0001-01-01T00:00:00Z', '14/05/2024', '90', 'engFirstName89', 'engLastName89'),
('EMP0090', '2024-05-14T08:00:00Z', '2024-05-14T17:00:00Z', '14/05/2024', '-1', 'engFirstName90', 'engLastName90'),
('EMP0090', '2024-05-15T011:00:00Z', '2024-05-15T17:00:00Z', '14/05/2024', '-1', 'engFirstName90', 'engLastName90'),
('EMP0090', '0001-01-01T00:00:00Z', '0001-01-01T00:00:00Z', '14/05/2024', '91', 'engFirstName90', 'engLastName90'),
('EMP0091', '2024-05-14T08:00:00Z', '2024-05-14T17:00:00Z', '14/05/2024', '-1', 'engFirstName91', 'engLastName91'),
('EMP0091', '2024-05-15T011:00:00Z', '2024-05-15T17:00:00Z', '14/05/2024', '-1', 'engFirstName91', 'engLastName91'),
('EMP0091', '0001-01-01T00:00:00Z', '0001-01-01T00:00:00Z', '14/05/2024', '92', 'engFirstName91', 'engLastName91'),
('EMP0092', '2024-05-14T08:00:00Z', '2024-05-14T17:00:00Z', '14/05/2024', '-1', 'engFirstName92', 'engLastName92'),
('EMP0092', '2024-05-15T011:00:00Z', '2024-05-15T17:00:00Z', '14/05/2024', '-1', 'engFirstName92', 'engLastName92'),
('EMP0092', '0001-01-01T00:00:00Z', '0001-01-01T00:00:00Z', '14/05/2024', '93', 'engFirstName92', 'engLastName92'),
('EMP0093', '2024-05-14T08:00:00Z', '2024-05-14T17:00:00Z', '14/05/2024', '-1', 'engFirstName93', 'engLastName93'),
('EMP0093', '2024-05-15T011:00:00Z', '2024-05-15T17:00:00Z', '14/05/2024', '-1', 'engFirstName93', 'engLastName93'),
('EMP0093', '0001-01-01T00:00:00Z', '0001-01-01T00:00:00Z', '14/05/2024', '94', 'engFirstName93', 'engLastName93'),
('EMP0094', '2024-05-14T08:00:00Z', '2024-05-14T17:00:00Z', '14/05/2024', '-1', 'engFirstName94', 'engLastName94'),
('EMP0094', '2024-05-15T011:00:00Z', '2024-05-15T17:00:00Z', '14/05/2024', '-1', 'engFirstName94', 'engLastName94'),
('EMP0094', '0001-01-01T00:00:00Z', '0001-01-01T00:00:00Z', '14/05/2024', '95', 'engFirstName94', 'engLastName94'),
('EMP0095', '2024-05-14T08:00:00Z', '2024-05-14T17:00:00Z', '14/05/2024', '-1', 'engFirstName95', 'engLastName95'),
('EMP0095', '2024-05-15T011:00:00Z', '2024-05-15T17:00:00Z', '14/05/2024', '-1', 'engFirstName95', 'engLastName95'),
('EMP0095', '0001-01-01T00:00:00Z', '0001-01-01T00:00:00Z', '14/05/2024', '96', 'engFirstName95', 'engLastName95'),
('EMP0096', '2024-05-14T08:00:00Z', '2024-05-14T17:00:00Z', '14/05/2024', '-1', 'engFirstName96', 'engLastName96'),
('EMP0096', '2024-05-15T011:00:00Z', '2024-05-15T17:00:00Z', '14/05/2024', '-1', 'engFirstName96', 'engLastName96'),
('EMP0096', '0001-01-01T00:00:00Z', '0001-01-01T00:00:00Z', '14/05/2024', '97', 'engFirstName96', 'engLastName96'),
('EMP0097', '2024-05-14T08:00:00Z', '2024-05-14T17:00:00Z', '14/05/2024', '-1', 'engFirstName97', 'engLastName97'),
('EMP0097', '2024-05-15T011:00:00Z', '2024-05-15T17:00:00Z', '14/05/2024', '-1', 'engFirstName97', 'engLastName97'),
('EMP0097', '0001-01-01T00:00:00Z', '0001-01-01T00:00:00Z', '14/05/2024', '98', 'engFirstName97', 'engLastName97'),
('EMP0098', '2024-05-14T08:00:00Z', '2024-05-14T17:00:00Z', '14/05/2024', '-1', 'engFirstName98', 'engLastName98'),
('EMP0098', '2024-05-15T011:00:00Z', '2024-05-15T17:00:00Z', '14/05/2024', '-1', 'engFirstName98', 'engLastName98'),
('EMP0098', '0001-01-01T00:00:00Z', '0001-01-01T00:00:00Z', '14/05/2024', '99', 'engFirstName98', 'engLastName98'),
('EMP0099', '2024-05-14T08:00:00Z', '2024-05-14T17:00:00Z', '14/05/2024', '-1', 'engFirstName99', 'engLastName99'),
('EMP0099', '2024-05-15T011:00:00Z', '2024-05-15T17:00:00Z', '14/05/2024', '-1', 'engFirstName99', 'engLastName99'),
('EMP0099', '0001-01-01T00:00:00Z', '0001-01-01T00:00:00Z', '14/05/2024', '100', 'engFirstName99', 'engLastName99');

CREATE DATABASE leave
    ENCODING 'UTF8';

\c leave;

DROP TABLE IF EXISTS leaves;


CREATE TABLE leaves (
                       id SERIAL PRIMARY KEY,
                       employee_id VARCHAR(255) NOT NULL,
                       date_start TIMESTAMP NOT NULL,
                       date_end TIMESTAMP NOT NULL,
                       reason VARCHAR(255),
                       category VARCHAR(255) NOT NULL,
                       manager_opinion VARCHAR(255),
                       status VARCHAR(255) NOT NULL,
                       manager VARCHAR(255),
                       employee_name VARCHAR(255),
                       employee_lastname VARCHAR(255)
);

INSERT INTO leaves
(employee_id, date_start, date_end, reason, category, manager_opinion, status, manager, employee_name, employee_lastname)
VALUES
    ('EMP0000', '2024-05-16T08:00:00Z', '2024-05-17T18:00:00Z', 'Reason0', 'Category0', 'Opinion0', 'pending', 'Manager0', 'engFirstName0', 'engLastName0'),
    ('EMP0000', '2024-05-17T08:00:00Z', '2024-05-18T17:00:00Z', 'Reason0', 'Category0', 'Opinion0', 'approved', 'Manager0', 'engFirstName0', 'engLastName0'),
    ('EMP0000', '0001-01-01T00:00:00Z', '0001-01-01T00:00:00Z', 'Reason0', 'Category0', 'Opinion0', 'denied', 'Manager0', 'engFirstName0', 'engLastName0'),
    ('EMP0001', '2024-05-16T08:00:00Z', '2024-05-17T18:00:00Z', 'Reason1', 'Category1', 'Opinion1', 'pending', 'Manager1', 'engFirstName1', 'engLastName1'),
    ('EMP0001', '2024-05-17T08:00:00Z', '2024-05-18T17:00:00Z', 'Reason1', 'Category1', 'Opinion1', 'approved', 'Manager1', 'engFirstName1', 'engLastName1'),
    ('EMP0001', '0001-01-01T00:00:00Z', '0001-01-01T00:00:00Z', 'Reason1', 'Category1', 'Opinion1', 'denied', 'Manager1', 'engFirstName1', 'engLastName1'),
    ('EMP0002', '2024-05-16T08:00:00Z', '2024-05-17T18:00:00Z', 'Reason2', 'Category2', 'Opinion2', 'pending', 'Manager2', 'engFirstName2', 'engLastName2'),
    ('EMP0002', '2024-05-17T08:00:00Z', '2024-05-18T17:00:00Z', 'Reason2', 'Category2', 'Opinion2', 'approved', 'Manager2', 'engFirstName2', 'engLastName2'),
    ('EMP0002', '0001-01-01T00:00:00Z', '0001-01-01T00:00:00Z', 'Reason2', 'Category2', 'Opinion2', 'denied', 'Manager2', 'engFirstName2', 'engLastName2'),
    ('EMP0003', '2024-05-16T08:00:00Z', '2024-05-17T18:00:00Z', 'Reason3', 'Category0', 'Opinion3', 'pending', 'Manager3', 'engFirstName3', 'engLastName3'),
    ('EMP0003', '2024-05-17T08:00:00Z', '2024-05-18T17:00:00Z', 'Reason3', 'Category0', 'Opinion3', 'approved', 'Manager3', 'engFirstName3', 'engLastName3'),
    ('EMP0003', '0001-01-01T00:00:00Z', '0001-01-01T00:00:00Z', 'Reason3', 'Category0', 'Opinion3', 'denied', 'Manager3', 'engFirstName3', 'engLastName3'),
    ('EMP0004', '2024-05-16T08:00:00Z', '2024-05-17T18:00:00Z', 'Reason4', 'Category1', 'Opinion4', 'pending', 'Manager4', 'engFirstName4', 'engLastName4'),
    ('EMP0004', '2024-05-17T08:00:00Z', '2024-05-18T17:00:00Z', 'Reason4', 'Category1', 'Opinion4', 'approved', 'Manager4', 'engFirstName4', 'engLastName4'),
    ('EMP0004', '0001-01-01T00:00:00Z', '0001-01-01T00:00:00Z', 'Reason4', 'Category1', 'Opinion4', 'denied', 'Manager4', 'engFirstName4', 'engLastName4'),
    ('EMP0005', '2024-05-16T08:00:00Z', '2024-05-17T18:00:00Z', 'Reason5', 'Category2', 'Opinion5', 'pending', 'Manager0', 'engFirstName5', 'engLastName5'),
    ('EMP0005', '2024-05-17T08:00:00Z', '2024-05-18T17:00:00Z', 'Reason5', 'Category2', 'Opinion5', 'approved', 'Manager0', 'engFirstName5', 'engLastName5'),
    ('EMP0005', '0001-01-01T00:00:00Z', '0001-01-01T00:00:00Z', 'Reason5', 'Category2', 'Opinion5', 'denied', 'Manager0', 'engFirstName5', 'engLastName5'),
    ('EMP0006', '2024-05-16T08:00:00Z', '2024-05-17T18:00:00Z', 'Reason6', 'Category0', 'Opinion6', 'pending', 'Manager1', 'engFirstName6', 'engLastName6'),
    ('EMP0006', '2024-05-17T08:00:00Z', '2024-05-18T17:00:00Z', 'Reason6', 'Category0', 'Opinion6', 'approved', 'Manager1', 'engFirstName6', 'engLastName6'),
    ('EMP0006', '0001-01-01T00:00:00Z', '0001-01-01T00:00:00Z', 'Reason6', 'Category0', 'Opinion6', 'denied', 'Manager1', 'engFirstName6', 'engLastName6'),
    ('EMP0007', '2024-05-16T08:00:00Z', '2024-05-17T18:00:00Z', 'Reason7', 'Category1', 'Opinion7', 'pending', 'Manager2', 'engFirstName7', 'engLastName7'),
    ('EMP0007', '2024-05-17T08:00:00Z', '2024-05-18T17:00:00Z', 'Reason7', 'Category1', 'Opinion7', 'approved', 'Manager2', 'engFirstName7', 'engLastName7'),
    ('EMP0007', '0001-01-01T00:00:00Z', '0001-01-01T00:00:00Z', 'Reason7', 'Category1', 'Opinion7', 'denied', 'Manager2', 'engFirstName7', 'engLastName7'),
    ('EMP0008', '2024-05-16T08:00:00Z', '2024-05-17T18:00:00Z', 'Reason8', 'Category2', 'Opinion8', 'pending', 'Manager3', 'engFirstName8', 'engLastName8'),
    ('EMP0008', '2024-05-17T08:00:00Z', '2024-05-18T17:00:00Z', 'Reason8', 'Category2', 'Opinion8', 'approved', 'Manager3', 'engFirstName8', 'engLastName8'),
    ('EMP0008', '0001-01-01T00:00:00Z', '0001-01-01T00:00:00Z', 'Reason8', 'Category2', 'Opinion8', 'denied', 'Manager3', 'engFirstName8', 'engLastName8'),
    ('EMP0009', '2024-05-16T08:00:00Z', '2024-05-17T18:00:00Z', 'Reason9', 'Category0', 'Opinion9', 'pending', 'Manager4', 'engFirstName9', 'engLastName9'),
    ('EMP0009', '2024-05-17T08:00:00Z', '2024-05-18T17:00:00Z', 'Reason9', 'Category0', 'Opinion9', 'approved', 'Manager4', 'engFirstName9', 'engLastName9'),
    ('EMP0009', '0001-01-01T00:00:00Z', '0001-01-01T00:00:00Z', 'Reason9', 'Category0', 'Opinion9', 'denied', 'Manager4', 'engFirstName9', 'engLastName9'),
    ('EMP0010', '2024-05-16T08:00:00Z', '2024-05-17T18:00:00Z', 'Reason10', 'Category1', 'Opinion10', 'pending', 'Manager0', 'engFirstName10', 'engLastName10'),
    ('EMP0010', '2024-05-17T08:00:00Z', '2024-05-18T17:00:00Z', 'Reason10', 'Category1', 'Opinion10', 'approved', 'Manager0', 'engFirstName10', 'engLastName10'),
    ('EMP0010', '0001-01-01T00:00:00Z', '0001-01-01T00:00:00Z', 'Reason10', 'Category1', 'Opinion10', 'denied', 'Manager0', 'engFirstName10', 'engLastName10'),
    ('EMP0011', '2024-05-16T08:00:00Z', '2024-05-17T18:00:00Z', 'Reason11', 'Category2', 'Opinion11', 'pending', 'Manager1', 'engFirstName11', 'engLastName11'),
    ('EMP0011', '2024-05-17T08:00:00Z', '2024-05-18T17:00:00Z', 'Reason11', 'Category2', 'Opinion11', 'approved', 'Manager1', 'engFirstName11', 'engLastName11'),
    ('EMP0011', '0001-01-01T00:00:00Z', '0001-01-01T00:00:00Z', 'Reason11', 'Category2', 'Opinion11', 'denied', 'Manager1', 'engFirstName11', 'engLastName11'),
    ('EMP0012', '2024-05-16T08:00:00Z', '2024-05-17T18:00:00Z', 'Reason12', 'Category0', 'Opinion12', 'pending', 'Manager2', 'engFirstName12', 'engLastName12'),
    ('EMP0012', '2024-05-17T08:00:00Z', '2024-05-18T17:00:00Z', 'Reason12', 'Category0', 'Opinion12', 'approved', 'Manager2', 'engFirstName12', 'engLastName12'),
    ('EMP0012', '0001-01-01T00:00:00Z', '0001-01-01T00:00:00Z', 'Reason12', 'Category0', 'Opinion12', 'denied', 'Manager2', 'engFirstName12', 'engLastName12'),
    ('EMP0013', '2024-05-16T08:00:00Z', '2024-05-17T18:00:00Z', 'Reason13', 'Category1', 'Opinion13', 'pending', 'Manager3', 'engFirstName13', 'engLastName13'),
    ('EMP0013', '2024-05-17T08:00:00Z', '2024-05-18T17:00:00Z', 'Reason13', 'Category1', 'Opinion13', 'approved', 'Manager3', 'engFirstName13', 'engLastName13'),
    ('EMP0013', '0001-01-01T00:00:00Z', '0001-01-01T00:00:00Z', 'Reason13', 'Category1', 'Opinion13', 'denied', 'Manager3', 'engFirstName13', 'engLastName13'),
    ('EMP0014', '2024-05-16T08:00:00Z', '2024-05-17T18:00:00Z', 'Reason14', 'Category2', 'Opinion14', 'pending', 'Manager4', 'engFirstName14', 'engLastName14'),
    ('EMP0014', '2024-05-17T08:00:00Z', '2024-05-18T17:00:00Z', 'Reason14', 'Category2', 'Opinion14', 'approved', 'Manager4', 'engFirstName14', 'engLastName14'),
    ('EMP0014', '0001-01-01T00:00:00Z', '0001-01-01T00:00:00Z', 'Reason14', 'Category2', 'Opinion14', 'denied', 'Manager4', 'engFirstName14', 'engLastName14'),
    ('EMP0015', '2024-05-16T08:00:00Z', '2024-05-17T18:00:00Z', 'Reason15', 'Category0', 'Opinion15', 'pending', 'Manager0', 'engFirstName15', 'engLastName15'),
    ('EMP0015', '2024-05-17T08:00:00Z', '2024-05-18T17:00:00Z', 'Reason15', 'Category0', 'Opinion15', 'approved', 'Manager0', 'engFirstName15', 'engLastName15'),
    ('EMP0015', '0001-01-01T00:00:00Z', '0001-01-01T00:00:00Z', 'Reason15', 'Category0', 'Opinion15', 'denied', 'Manager0', 'engFirstName15', 'engLastName15'),
    ('EMP0016', '2024-05-16T08:00:00Z', '2024-05-17T18:00:00Z', 'Reason16', 'Category1', 'Opinion16', 'pending', 'Manager1', 'engFirstName16', 'engLastName16'),
    ('EMP0016', '2024-05-17T08:00:00Z', '2024-05-18T17:00:00Z', 'Reason16', 'Category1', 'Opinion16', 'approved', 'Manager1', 'engFirstName16', 'engLastName16'),
    ('EMP0016', '0001-01-01T00:00:00Z', '0001-01-01T00:00:00Z', 'Reason16', 'Category1', 'Opinion16', 'denied', 'Manager1', 'engFirstName16', 'engLastName16'),
    ('EMP0017', '2024-05-16T08:00:00Z', '2024-05-17T18:00:00Z', 'Reason17', 'Category2', 'Opinion17', 'pending', 'Manager2', 'engFirstName17', 'engLastName17'),
    ('EMP0017', '2024-05-17T08:00:00Z', '2024-05-18T17:00:00Z', 'Reason17', 'Category2', 'Opinion17', 'approved', 'Manager2', 'engFirstName17', 'engLastName17'),
    ('EMP0017', '0001-01-01T00:00:00Z', '0001-01-01T00:00:00Z', 'Reason17', 'Category2', 'Opinion17', 'denied', 'Manager2', 'engFirstName17', 'engLastName17'),
    ('EMP0018', '2024-05-16T08:00:00Z', '2024-05-17T18:00:00Z', 'Reason18', 'Category0', 'Opinion18', 'pending', 'Manager3', 'engFirstName18', 'engLastName18'),
    ('EMP0018', '2024-05-17T08:00:00Z', '2024-05-18T17:00:00Z', 'Reason18', 'Category0', 'Opinion18', 'approved', 'Manager3', 'engFirstName18', 'engLastName18'),
    ('EMP0018', '0001-01-01T00:00:00Z', '0001-01-01T00:00:00Z', 'Reason18', 'Category0', 'Opinion18', 'denied', 'Manager3', 'engFirstName18', 'engLastName18'),
    ('EMP0019', '2024-05-16T08:00:00Z', '2024-05-17T18:00:00Z', 'Reason19', 'Category1', 'Opinion19', 'pending', 'Manager4', 'engFirstName19', 'engLastName19'),
    ('EMP0019', '2024-05-17T08:00:00Z', '2024-05-18T17:00:00Z', 'Reason19', 'Category1', 'Opinion19', 'approved', 'Manager4', 'engFirstName19', 'engLastName19'),
    ('EMP0019', '0001-01-01T00:00:00Z', '0001-01-01T00:00:00Z', 'Reason19', 'Category1', 'Opinion19', 'denied', 'Manager4', 'engFirstName19', 'engLastName19'),
    ('EMP0020', '2024-05-16T08:00:00Z', '2024-05-17T18:00:00Z', 'Reason20', 'Category2', 'Opinion20', 'pending', 'Manager0', 'engFirstName20', 'engLastName20'),
    ('EMP0020', '2024-05-17T08:00:00Z', '2024-05-18T17:00:00Z', 'Reason20', 'Category2', 'Opinion20', 'approved', 'Manager0', 'engFirstName20', 'engLastName20'),
    ('EMP0020', '0001-01-01T00:00:00Z', '0001-01-01T00:00:00Z', 'Reason20', 'Category2', 'Opinion20', 'denied', 'Manager0', 'engFirstName20', 'engLastName20'),
    ('EMP0021', '2024-05-16T08:00:00Z', '2024-05-17T18:00:00Z', 'Reason21', 'Category0', 'Opinion21', 'pending', 'Manager1', 'engFirstName21', 'engLastName21'),
    ('EMP0021', '2024-05-17T08:00:00Z', '2024-05-18T17:00:00Z', 'Reason21', 'Category0', 'Opinion21', 'approved', 'Manager1', 'engFirstName21', 'engLastName21'),
    ('EMP0021', '0001-01-01T00:00:00Z', '0001-01-01T00:00:00Z', 'Reason21', 'Category0', 'Opinion21', 'denied', 'Manager1', 'engFirstName21', 'engLastName21'),
    ('EMP0022', '2024-05-16T08:00:00Z', '2024-05-17T18:00:00Z', 'Reason22', 'Category1', 'Opinion22', 'pending', 'Manager2', 'engFirstName22', 'engLastName22'),
    ('EMP0022', '2024-05-17T08:00:00Z', '2024-05-18T17:00:00Z', 'Reason22', 'Category1', 'Opinion22', 'approved', 'Manager2', 'engFirstName22', 'engLastName22'),
    ('EMP0022', '0001-01-01T00:00:00Z', '0001-01-01T00:00:00Z', 'Reason22', 'Category1', 'Opinion22', 'denied', 'Manager2', 'engFirstName22', 'engLastName22'),
    ('EMP0023', '2024-05-16T08:00:00Z', '2024-05-17T18:00:00Z', 'Reason23', 'Category2', 'Opinion23', 'pending', 'Manager3', 'engFirstName23', 'engLastName23'),
    ('EMP0023', '2024-05-17T08:00:00Z', '2024-05-18T17:00:00Z', 'Reason23', 'Category2', 'Opinion23', 'approved', 'Manager3', 'engFirstName23', 'engLastName23'),
    ('EMP0023', '0001-01-01T00:00:00Z', '0001-01-01T00:00:00Z', 'Reason23', 'Category2', 'Opinion23', 'denied', 'Manager3', 'engFirstName23', 'engLastName23'),
    ('EMP0024', '2024-05-16T08:00:00Z', '2024-05-17T18:00:00Z', 'Reason24', 'Category0', 'Opinion24', 'pending', 'Manager4', 'engFirstName24', 'engLastName24'),
    ('EMP0024', '2024-05-17T08:00:00Z', '2024-05-18T17:00:00Z', 'Reason24', 'Category0', 'Opinion24', 'approved', 'Manager4', 'engFirstName24', 'engLastName24'),
    ('EMP0024', '0001-01-01T00:00:00Z', '0001-01-01T00:00:00Z', 'Reason24', 'Category0', 'Opinion24', 'denied', 'Manager4', 'engFirstName24', 'engLastName24'),
    ('EMP0025', '2024-05-16T08:00:00Z', '2024-05-17T18:00:00Z', 'Reason25', 'Category1', 'Opinion25', 'pending', 'Manager0', 'engFirstName25', 'engLastName25'),
    ('EMP0025', '2024-05-17T08:00:00Z', '2024-05-18T17:00:00Z', 'Reason25', 'Category1', 'Opinion25', 'approved', 'Manager0', 'engFirstName25', 'engLastName25'),
    ('EMP0025', '0001-01-01T00:00:00Z', '0001-01-01T00:00:00Z', 'Reason25', 'Category1', 'Opinion25', 'denied', 'Manager0', 'engFirstName25', 'engLastName25'),
    ('EMP0026', '2024-05-16T08:00:00Z', '2024-05-17T18:00:00Z', 'Reason26', 'Category2', 'Opinion26', 'pending', 'Manager1', 'engFirstName26', 'engLastName26'),
    ('EMP0026', '2024-05-17T08:00:00Z', '2024-05-18T17:00:00Z', 'Reason26', 'Category2', 'Opinion26', 'approved', 'Manager1', 'engFirstName26', 'engLastName26'),
    ('EMP0026', '0001-01-01T00:00:00Z', '0001-01-01T00:00:00Z', 'Reason26', 'Category2', 'Opinion26', 'denied', 'Manager1', 'engFirstName26', 'engLastName26'),
    ('EMP0027', '2024-05-16T08:00:00Z', '2024-05-17T18:00:00Z', 'Reason27', 'Category0', 'Opinion27', 'pending', 'Manager2', 'engFirstName27', 'engLastName27'),
    ('EMP0027', '2024-05-17T08:00:00Z', '2024-05-18T17:00:00Z', 'Reason27', 'Category0', 'Opinion27', 'approved', 'Manager2', 'engFirstName27', 'engLastName27'),
    ('EMP0027', '0001-01-01T00:00:00Z', '0001-01-01T00:00:00Z', 'Reason27', 'Category0', 'Opinion27', 'denied', 'Manager2', 'engFirstName27', 'engLastName27'),
    ('EMP0028', '2024-05-16T08:00:00Z', '2024-05-17T18:00:00Z', 'Reason28', 'Category1', 'Opinion28', 'pending', 'Manager3', 'engFirstName28', 'engLastName28'),
    ('EMP0028', '2024-05-17T08:00:00Z', '2024-05-18T17:00:00Z', 'Reason28', 'Category1', 'Opinion28', 'approved', 'Manager3', 'engFirstName28', 'engLastName28'),
    ('EMP0028', '0001-01-01T00:00:00Z', '0001-01-01T00:00:00Z', 'Reason28', 'Category1', 'Opinion28', 'denied', 'Manager3', 'engFirstName28', 'engLastName28'),
    ('EMP0029', '2024-05-16T08:00:00Z', '2024-05-17T18:00:00Z', 'Reason29', 'Category2', 'Opinion29', 'pending', 'Manager4', 'engFirstName29', 'engLastName29'),
    ('EMP0029', '2024-05-17T08:00:00Z', '2024-05-18T17:00:00Z', 'Reason29', 'Category2', 'Opinion29', 'approved', 'Manager4', 'engFirstName29', 'engLastName29'),
    ('EMP0029', '0001-01-01T00:00:00Z', '0001-01-01T00:00:00Z', 'Reason29', 'Category2', 'Opinion29', 'denied', 'Manager4', 'engFirstName29', 'engLastName29'),
    ('EMP0030', '2024-05-16T08:00:00Z', '2024-05-17T18:00:00Z', 'Reason30', 'Category0', 'Opinion30', 'pending', 'Manager0', 'engFirstName30', 'engLastName30'),
    ('EMP0030', '2024-05-17T08:00:00Z', '2024-05-18T17:00:00Z', 'Reason30', 'Category0', 'Opinion30', 'approved', 'Manager0', 'engFirstName30', 'engLastName30'),
    ('EMP0030', '0001-01-01T00:00:00Z', '0001-01-01T00:00:00Z', 'Reason30', 'Category0', 'Opinion30', 'denied', 'Manager0', 'engFirstName30', 'engLastName30'),
    ('EMP0031', '2024-05-16T08:00:00Z', '2024-05-17T18:00:00Z', 'Reason31', 'Category1', 'Opinion31', 'pending', 'Manager1', 'engFirstName31', 'engLastName31'),
    ('EMP0031', '2024-05-17T08:00:00Z', '2024-05-18T17:00:00Z', 'Reason31', 'Category1', 'Opinion31', 'approved', 'Manager1', 'engFirstName31', 'engLastName31'),
    ('EMP0031', '0001-01-01T00:00:00Z', '0001-01-01T00:00:00Z', 'Reason31', 'Category1', 'Opinion31', 'denied', 'Manager1', 'engFirstName31', 'engLastName31'),
    ('EMP0032', '2024-05-16T08:00:00Z', '2024-05-17T18:00:00Z', 'Reason32', 'Category2', 'Opinion32', 'pending', 'Manager2', 'engFirstName32', 'engLastName32'),
    ('EMP0032', '2024-05-17T08:00:00Z', '2024-05-18T17:00:00Z', 'Reason32', 'Category2', 'Opinion32', 'approved', 'Manager2', 'engFirstName32', 'engLastName32'),
    ('EMP0032', '0001-01-01T00:00:00Z', '0001-01-01T00:00:00Z', 'Reason32', 'Category2', 'Opinion32', 'denied', 'Manager2', 'engFirstName32', 'engLastName32'),
    ('EMP0033', '2024-05-16T08:00:00Z', '2024-05-17T18:00:00Z', 'Reason33', 'Category0', 'Opinion33', 'pending', 'Manager3', 'engFirstName33', 'engLastName33'),
    ('EMP0033', '2024-05-17T08:00:00Z', '2024-05-18T17:00:00Z', 'Reason33', 'Category0', 'Opinion33', 'approved', 'Manager3', 'engFirstName33', 'engLastName33'),
    ('EMP0033', '0001-01-01T00:00:00Z', '0001-01-01T00:00:00Z', 'Reason33', 'Category0', 'Opinion33', 'denied', 'Manager3', 'engFirstName33', 'engLastName33'),
    ('EMP0034', '2024-05-16T08:00:00Z', '2024-05-17T18:00:00Z', 'Reason34', 'Category1', 'Opinion34', 'pending', 'Manager4', 'engFirstName34', 'engLastName34'),
    ('EMP0034', '2024-05-17T08:00:00Z', '2024-05-18T17:00:00Z', 'Reason34', 'Category1', 'Opinion34', 'approved', 'Manager4', 'engFirstName34', 'engLastName34'),
    ('EMP0034', '0001-01-01T00:00:00Z', '0001-01-01T00:00:00Z', 'Reason34', 'Category1', 'Opinion34', 'denied', 'Manager4', 'engFirstName34', 'engLastName34'),
    ('EMP0035', '2024-05-16T08:00:00Z', '2024-05-17T18:00:00Z', 'Reason35', 'Category2', 'Opinion35', 'pending', 'Manager0', 'engFirstName35', 'engLastName35'),
    ('EMP0035', '2024-05-17T08:00:00Z', '2024-05-18T17:00:00Z', 'Reason35', 'Category2', 'Opinion35', 'approved', 'Manager0', 'engFirstName35', 'engLastName35'),
    ('EMP0035', '0001-01-01T00:00:00Z', '0001-01-01T00:00:00Z', 'Reason35', 'Category2', 'Opinion35', 'denied', 'Manager0', 'engFirstName35', 'engLastName35'),
    ('EMP0036', '2024-05-16T08:00:00Z', '2024-05-17T18:00:00Z', 'Reason36', 'Category0', 'Opinion36', 'pending', 'Manager1', 'engFirstName36', 'engLastName36'),
    ('EMP0036', '2024-05-17T08:00:00Z', '2024-05-18T17:00:00Z', 'Reason36', 'Category0', 'Opinion36', 'approved', 'Manager1', 'engFirstName36', 'engLastName36'),
    ('EMP0036', '0001-01-01T00:00:00Z', '0001-01-01T00:00:00Z', 'Reason36', 'Category0', 'Opinion36', 'denied', 'Manager1', 'engFirstName36', 'engLastName36'),
    ('EMP0037', '2024-05-16T08:00:00Z', '2024-05-17T18:00:00Z', 'Reason37', 'Category1', 'Opinion37', 'pending', 'Manager2', 'engFirstName37', 'engLastName37'),
    ('EMP0037', '2024-05-17T08:00:00Z', '2024-05-18T17:00:00Z', 'Reason37', 'Category1', 'Opinion37', 'approved', 'Manager2', 'engFirstName37', 'engLastName37'),
    ('EMP0037', '0001-01-01T00:00:00Z', '0001-01-01T00:00:00Z', 'Reason37', 'Category1', 'Opinion37', 'denied', 'Manager2', 'engFirstName37', 'engLastName37'),
    ('EMP0038', '2024-05-16T08:00:00Z', '2024-05-17T18:00:00Z', 'Reason38', 'Category2', 'Opinion38', 'pending', 'Manager3', 'engFirstName38', 'engLastName38'),
    ('EMP0038', '2024-05-17T08:00:00Z', '2024-05-18T17:00:00Z', 'Reason38', 'Category2', 'Opinion38', 'approved', 'Manager3', 'engFirstName38', 'engLastName38'),
    ('EMP0038', '0001-01-01T00:00:00Z', '0001-01-01T00:00:00Z', 'Reason38', 'Category2', 'Opinion38', 'denied', 'Manager3', 'engFirstName38', 'engLastName38'),
    ('EMP0039', '2024-05-16T08:00:00Z', '2024-05-17T18:00:00Z', 'Reason39', 'Category0', 'Opinion39', 'pending', 'Manager4', 'engFirstName39', 'engLastName39'),
    ('EMP0039', '2024-05-17T08:00:00Z', '2024-05-18T17:00:00Z', 'Reason39', 'Category0', 'Opinion39', 'approved', 'Manager4', 'engFirstName39', 'engLastName39'),
    ('EMP0039', '0001-01-01T00:00:00Z', '0001-01-01T00:00:00Z', 'Reason39', 'Category0', 'Opinion39', 'denied', 'Manager4', 'engFirstName39', 'engLastName39'),
    ('EMP0040', '2024-05-16T08:00:00Z', '2024-05-17T18:00:00Z', 'Reason40', 'Category1', 'Opinion40', 'pending', 'Manager0', 'engFirstName40', 'engLastName40'),
    ('EMP0040', '2024-05-17T08:00:00Z', '2024-05-18T17:00:00Z', 'Reason40', 'Category1', 'Opinion40', 'approved', 'Manager0', 'engFirstName40', 'engLastName40'),
    ('EMP0040', '0001-01-01T00:00:00Z', '0001-01-01T00:00:00Z', 'Reason40', 'Category1', 'Opinion40', 'denied', 'Manager0', 'engFirstName40', 'engLastName40'),
    ('EMP0041', '2024-05-16T08:00:00Z', '2024-05-17T18:00:00Z', 'Reason41', 'Category2', 'Opinion41', 'pending', 'Manager1', 'engFirstName41', 'engLastName41'),
    ('EMP0041', '2024-05-17T08:00:00Z', '2024-05-18T17:00:00Z', 'Reason41', 'Category2', 'Opinion41', 'approved', 'Manager1', 'engFirstName41', 'engLastName41'),
    ('EMP0041', '0001-01-01T00:00:00Z', '0001-01-01T00:00:00Z', 'Reason41', 'Category2', 'Opinion41', 'denied', 'Manager1', 'engFirstName41', 'engLastName41'),
    ('EMP0042', '2024-05-16T08:00:00Z', '2024-05-17T18:00:00Z', 'Reason42', 'Category0', 'Opinion42', 'pending', 'Manager2', 'engFirstName42', 'engLastName42'),
    ('EMP0042', '2024-05-17T08:00:00Z', '2024-05-18T17:00:00Z', 'Reason42', 'Category0', 'Opinion42', 'approved', 'Manager2', 'engFirstName42', 'engLastName42'),
    ('EMP0042', '0001-01-01T00:00:00Z', '0001-01-01T00:00:00Z', 'Reason42', 'Category0', 'Opinion42', 'denied', 'Manager2', 'engFirstName42', 'engLastName42'),
    ('EMP0043', '2024-05-16T08:00:00Z', '2024-05-17T18:00:00Z', 'Reason43', 'Category1', 'Opinion43', 'pending', 'Manager3', 'engFirstName43', 'engLastName43'),
    ('EMP0043', '2024-05-17T08:00:00Z', '2024-05-18T17:00:00Z', 'Reason43', 'Category1', 'Opinion43', 'approved', 'Manager3', 'engFirstName43', 'engLastName43'),
    ('EMP0043', '0001-01-01T00:00:00Z', '0001-01-01T00:00:00Z', 'Reason43', 'Category1', 'Opinion43', 'denied', 'Manager3', 'engFirstName43', 'engLastName43'),
    ('EMP0044', '2024-05-16T08:00:00Z', '2024-05-17T18:00:00Z', 'Reason44', 'Category2', 'Opinion44', 'pending', 'Manager4', 'engFirstName44', 'engLastName44'),
    ('EMP0044', '2024-05-17T08:00:00Z', '2024-05-18T17:00:00Z', 'Reason44', 'Category2', 'Opinion44', 'approved', 'Manager4', 'engFirstName44', 'engLastName44'),
    ('EMP0044', '0001-01-01T00:00:00Z', '0001-01-01T00:00:00Z', 'Reason44', 'Category2', 'Opinion44', 'denied', 'Manager4', 'engFirstName44', 'engLastName44'),
    ('EMP0045', '2024-05-16T08:00:00Z', '2024-05-17T18:00:00Z', 'Reason45', 'Category0', 'Opinion45', 'pending', 'Manager0', 'engFirstName45', 'engLastName45'),
    ('EMP0045', '2024-05-17T08:00:00Z', '2024-05-18T17:00:00Z', 'Reason45', 'Category0', 'Opinion45', 'approved', 'Manager0', 'engFirstName45', 'engLastName45'),
    ('EMP0045', '0001-01-01T00:00:00Z', '0001-01-01T00:00:00Z', 'Reason45', 'Category0', 'Opinion45', 'denied', 'Manager0', 'engFirstName45', 'engLastName45'),
    ('EMP0046', '2024-05-16T08:00:00Z', '2024-05-17T18:00:00Z', 'Reason46', 'Category1', 'Opinion46', 'pending', 'Manager1', 'engFirstName46', 'engLastName46'),
    ('EMP0046', '2024-05-17T08:00:00Z', '2024-05-18T17:00:00Z', 'Reason46', 'Category1', 'Opinion46', 'approved', 'Manager1', 'engFirstName46', 'engLastName46'),
    ('EMP0046', '0001-01-01T00:00:00Z', '0001-01-01T00:00:00Z', 'Reason46', 'Category1', 'Opinion46', 'denied', 'Manager1', 'engFirstName46', 'engLastName46'),
    ('EMP0047', '2024-05-16T08:00:00Z', '2024-05-17T18:00:00Z', 'Reason47', 'Category2', 'Opinion47', 'pending', 'Manager2', 'engFirstName47', 'engLastName47'),
    ('EMP0047', '2024-05-17T08:00:00Z', '2024-05-18T17:00:00Z', 'Reason47', 'Category2', 'Opinion47', 'approved', 'Manager2', 'engFirstName47', 'engLastName47'),
    ('EMP0047', '0001-01-01T00:00:00Z', '0001-01-01T00:00:00Z', 'Reason47', 'Category2', 'Opinion47', 'denied', 'Manager2', 'engFirstName47', 'engLastName47'),
    ('EMP0048', '2024-05-16T08:00:00Z', '2024-05-17T18:00:00Z', 'Reason48', 'Category0', 'Opinion48', 'pending', 'Manager3', 'engFirstName48', 'engLastName48'),
    ('EMP0048', '2024-05-17T08:00:00Z', '2024-05-18T17:00:00Z', 'Reason48', 'Category0', 'Opinion48', 'approved', 'Manager3', 'engFirstName48', 'engLastName48'),
    ('EMP0048', '0001-01-01T00:00:00Z', '0001-01-01T00:00:00Z', 'Reason48', 'Category0', 'Opinion48', 'denied', 'Manager3', 'engFirstName48', 'engLastName48'),
    ('EMP0049', '2024-05-16T08:00:00Z', '2024-05-17T18:00:00Z', 'Reason49', 'Category1', 'Opinion49', 'pending', 'Manager4', 'engFirstName49', 'engLastName49'),
    ('EMP0049', '2024-05-17T08:00:00Z', '2024-05-18T17:00:00Z', 'Reason49', 'Category1', 'Opinion49', 'approved', 'Manager4', 'engFirstName49', 'engLastName49'),
    ('EMP0049', '0001-01-01T00:00:00Z', '0001-01-01T00:00:00Z', 'Reason49', 'Category1', 'Opinion49', 'denied', 'Manager4', 'engFirstName49', 'engLastName49'),
    ('EMP0050', '2024-05-16T08:00:00Z', '2024-05-17T18:00:00Z', 'Reason50', 'Category2', 'Opinion50', 'pending', 'Manager0', 'engFirstName50', 'engLastName50'),
    ('EMP0050', '2024-05-17T08:00:00Z', '2024-05-18T17:00:00Z', 'Reason50', 'Category2', 'Opinion50', 'approved', 'Manager0', 'engFirstName50', 'engLastName50'),
    ('EMP0050', '0001-01-01T00:00:00Z', '0001-01-01T00:00:00Z', 'Reason50', 'Category2', 'Opinion50', 'denied', 'Manager0', 'engFirstName50', 'engLastName50'),
    ('EMP0051', '2024-05-16T08:00:00Z', '2024-05-17T18:00:00Z', 'Reason51', 'Category0', 'Opinion51', 'pending', 'Manager1', 'engFirstName51', 'engLastName51'),
    ('EMP0051', '2024-05-17T08:00:00Z', '2024-05-18T17:00:00Z', 'Reason51', 'Category0', 'Opinion51', 'approved', 'Manager1', 'engFirstName51', 'engLastName51'),
    ('EMP0051', '0001-01-01T00:00:00Z', '0001-01-01T00:00:00Z', 'Reason51', 'Category0', 'Opinion51', 'denied', 'Manager1', 'engFirstName51', 'engLastName51'),
    ('EMP0052', '2024-05-16T08:00:00Z', '2024-05-17T18:00:00Z', 'Reason52', 'Category1', 'Opinion52', 'pending', 'Manager2', 'engFirstName52', 'engLastName52'),
    ('EMP0052', '2024-05-17T08:00:00Z', '2024-05-18T17:00:00Z', 'Reason52', 'Category1', 'Opinion52', 'approved', 'Manager2', 'engFirstName52', 'engLastName52'),
    ('EMP0052', '0001-01-01T00:00:00Z', '0001-01-01T00:00:00Z', 'Reason52', 'Category1', 'Opinion52', 'denied', 'Manager2', 'engFirstName52', 'engLastName52'),
    ('EMP0053', '2024-05-16T08:00:00Z', '2024-05-17T18:00:00Z', 'Reason53', 'Category2', 'Opinion53', 'pending', 'Manager3', 'engFirstName53', 'engLastName53'),
    ('EMP0053', '2024-05-17T08:00:00Z', '2024-05-18T17:00:00Z', 'Reason53', 'Category2', 'Opinion53', 'approved', 'Manager3', 'engFirstName53', 'engLastName53'),
    ('EMP0053', '0001-01-01T00:00:00Z', '0001-01-01T00:00:00Z', 'Reason53', 'Category2', 'Opinion53', 'denied', 'Manager3', 'engFirstName53', 'engLastName53'),
    ('EMP0054', '2024-05-16T08:00:00Z', '2024-05-17T18:00:00Z', 'Reason54', 'Category0', 'Opinion54', 'pending', 'Manager4', 'engFirstName54', 'engLastName54'),
    ('EMP0054', '2024-05-17T08:00:00Z', '2024-05-18T17:00:00Z', 'Reason54', 'Category0', 'Opinion54', 'approved', 'Manager4', 'engFirstName54', 'engLastName54'),
    ('EMP0054', '0001-01-01T00:00:00Z', '0001-01-01T00:00:00Z', 'Reason54', 'Category0', 'Opinion54', 'denied', 'Manager4', 'engFirstName54', 'engLastName54'),
    ('EMP0055', '2024-05-16T08:00:00Z', '2024-05-17T18:00:00Z', 'Reason55', 'Category1', 'Opinion55', 'pending', 'Manager0', 'engFirstName55', 'engLastName55'),
    ('EMP0055', '2024-05-17T08:00:00Z', '2024-05-18T17:00:00Z', 'Reason55', 'Category1', 'Opinion55', 'approved', 'Manager0', 'engFirstName55', 'engLastName55'),
    ('EMP0055', '0001-01-01T00:00:00Z', '0001-01-01T00:00:00Z', 'Reason55', 'Category1', 'Opinion55', 'denied', 'Manager0', 'engFirstName55', 'engLastName55'),
    ('EMP0056', '2024-05-16T08:00:00Z', '2024-05-17T18:00:00Z', 'Reason56', 'Category2', 'Opinion56', 'pending', 'Manager1', 'engFirstName56', 'engLastName56'),
    ('EMP0056', '2024-05-17T08:00:00Z', '2024-05-18T17:00:00Z', 'Reason56', 'Category2', 'Opinion56', 'approved', 'Manager1', 'engFirstName56', 'engLastName56'),
    ('EMP0056', '0001-01-01T00:00:00Z', '0001-01-01T00:00:00Z', 'Reason56', 'Category2', 'Opinion56', 'denied', 'Manager1', 'engFirstName56', 'engLastName56'),
    ('EMP0057', '2024-05-16T08:00:00Z', '2024-05-17T18:00:00Z', 'Reason57', 'Category0', 'Opinion57', 'pending', 'Manager2', 'engFirstName57', 'engLastName57'),
    ('EMP0057', '2024-05-17T08:00:00Z', '2024-05-18T17:00:00Z', 'Reason57', 'Category0', 'Opinion57', 'approved', 'Manager2', 'engFirstName57', 'engLastName57'),
    ('EMP0057', '0001-01-01T00:00:00Z', '0001-01-01T00:00:00Z', 'Reason57', 'Category0', 'Opinion57', 'denied', 'Manager2', 'engFirstName57', 'engLastName57'),
    ('EMP0058', '2024-05-16T08:00:00Z', '2024-05-17T18:00:00Z', 'Reason58', 'Category1', 'Opinion58', 'pending', 'Manager3', 'engFirstName58', 'engLastName58'),
    ('EMP0058', '2024-05-17T08:00:00Z', '2024-05-18T17:00:00Z', 'Reason58', 'Category1', 'Opinion58', 'approved', 'Manager3', 'engFirstName58', 'engLastName58'),
    ('EMP0058', '0001-01-01T00:00:00Z', '0001-01-01T00:00:00Z', 'Reason58', 'Category1', 'Opinion58', 'denied', 'Manager3', 'engFirstName58', 'engLastName58'),
    ('EMP0059', '2024-05-16T08:00:00Z', '2024-05-17T18:00:00Z', 'Reason59', 'Category2', 'Opinion59', 'pending', 'Manager4', 'engFirstName59', 'engLastName59'),
    ('EMP0059', '2024-05-17T08:00:00Z', '2024-05-18T17:00:00Z', 'Reason59', 'Category2', 'Opinion59', 'approved', 'Manager4', 'engFirstName59', 'engLastName59'),
    ('EMP0059', '0001-01-01T00:00:00Z', '0001-01-01T00:00:00Z', 'Reason59', 'Category2', 'Opinion59', 'denied', 'Manager4', 'engFirstName59', 'engLastName59'),
    ('EMP0060', '2024-05-16T08:00:00Z', '2024-05-17T18:00:00Z', 'Reason60', 'Category0', 'Opinion60', 'pending', 'Manager0', 'engFirstName60', 'engLastName60'),
    ('EMP0060', '2024-05-17T08:00:00Z', '2024-05-18T17:00:00Z', 'Reason60', 'Category0', 'Opinion60', 'approved', 'Manager0', 'engFirstName60', 'engLastName60'),
    ('EMP0060', '0001-01-01T00:00:00Z', '0001-01-01T00:00:00Z', 'Reason60', 'Category0', 'Opinion60', 'denied', 'Manager0', 'engFirstName60', 'engLastName60'),
    ('EMP0061', '2024-05-16T08:00:00Z', '2024-05-17T18:00:00Z', 'Reason61', 'Category1', 'Opinion61', 'pending', 'Manager1', 'engFirstName61', 'engLastName61'),
    ('EMP0061', '2024-05-17T08:00:00Z', '2024-05-18T17:00:00Z', 'Reason61', 'Category1', 'Opinion61', 'approved', 'Manager1', 'engFirstName61', 'engLastName61'),
    ('EMP0061', '0001-01-01T00:00:00Z', '0001-01-01T00:00:00Z', 'Reason61', 'Category1', 'Opinion61', 'denied', 'Manager1', 'engFirstName61', 'engLastName61'),
    ('EMP0062', '2024-05-16T08:00:00Z', '2024-05-17T18:00:00Z', 'Reason62', 'Category2', 'Opinion62', 'pending', 'Manager2', 'engFirstName62', 'engLastName62'),
    ('EMP0062', '2024-05-17T08:00:00Z', '2024-05-18T17:00:00Z', 'Reason62', 'Category2', 'Opinion62', 'approved', 'Manager2', 'engFirstName62', 'engLastName62'),
    ('EMP0062', '0001-01-01T00:00:00Z', '0001-01-01T00:00:00Z', 'Reason62', 'Category2', 'Opinion62', 'denied', 'Manager2', 'engFirstName62', 'engLastName62'),
    ('EMP0063', '2024-05-16T08:00:00Z', '2024-05-17T18:00:00Z', 'Reason63', 'Category0', 'Opinion63', 'pending', 'Manager3', 'engFirstName63', 'engLastName63'),
    ('EMP0063', '2024-05-17T08:00:00Z', '2024-05-18T17:00:00Z', 'Reason63', 'Category0', 'Opinion63', 'approved', 'Manager3', 'engFirstName63', 'engLastName63'),
    ('EMP0063', '0001-01-01T00:00:00Z', '0001-01-01T00:00:00Z', 'Reason63', 'Category0', 'Opinion63', 'denied', 'Manager3', 'engFirstName63', 'engLastName63'),
    ('EMP0064', '2024-05-16T08:00:00Z', '2024-05-17T18:00:00Z', 'Reason64', 'Category1', 'Opinion64', 'pending', 'Manager4', 'engFirstName64', 'engLastName64'),
    ('EMP0064', '2024-05-17T08:00:00Z', '2024-05-18T17:00:00Z', 'Reason64', 'Category1', 'Opinion64', 'approved', 'Manager4', 'engFirstName64', 'engLastName64'),
    ('EMP0064', '0001-01-01T00:00:00Z', '0001-01-01T00:00:00Z', 'Reason64', 'Category1', 'Opinion64', 'denied', 'Manager4', 'engFirstName64', 'engLastName64'),
    ('EMP0065', '2024-05-16T08:00:00Z', '2024-05-17T18:00:00Z', 'Reason65', 'Category2', 'Opinion65', 'pending', 'Manager0', 'engFirstName65', 'engLastName65'),
    ('EMP0065', '2024-05-17T08:00:00Z', '2024-05-18T17:00:00Z', 'Reason65', 'Category2', 'Opinion65', 'approved', 'Manager0', 'engFirstName65', 'engLastName65'),
    ('EMP0065', '0001-01-01T00:00:00Z', '0001-01-01T00:00:00Z', 'Reason65', 'Category2', 'Opinion65', 'denied', 'Manager0', 'engFirstName65', 'engLastName65'),
    ('EMP0066', '2024-05-16T08:00:00Z', '2024-05-17T18:00:00Z', 'Reason66', 'Category0', 'Opinion66', 'pending', 'Manager1', 'engFirstName66', 'engLastName66'),
    ('EMP0066', '2024-05-17T08:00:00Z', '2024-05-18T17:00:00Z', 'Reason66', 'Category0', 'Opinion66', 'approved', 'Manager1', 'engFirstName66', 'engLastName66'),
    ('EMP0066', '0001-01-01T00:00:00Z', '0001-01-01T00:00:00Z', 'Reason66', 'Category0', 'Opinion66', 'denied', 'Manager1', 'engFirstName66', 'engLastName66'),
    ('EMP0067', '2024-05-16T08:00:00Z', '2024-05-17T18:00:00Z', 'Reason67', 'Category1', 'Opinion67', 'pending', 'Manager2', 'engFirstName67', 'engLastName67'),
    ('EMP0067', '2024-05-17T08:00:00Z', '2024-05-18T17:00:00Z', 'Reason67', 'Category1', 'Opinion67', 'approved', 'Manager2', 'engFirstName67', 'engLastName67'),
    ('EMP0067', '0001-01-01T00:00:00Z', '0001-01-01T00:00:00Z', 'Reason67', 'Category1', 'Opinion67', 'denied', 'Manager2', 'engFirstName67', 'engLastName67'),
    ('EMP0068', '2024-05-16T08:00:00Z', '2024-05-17T18:00:00Z', 'Reason68', 'Category2', 'Opinion68', 'pending', 'Manager3', 'engFirstName68', 'engLastName68'),
    ('EMP0068', '2024-05-17T08:00:00Z', '2024-05-18T17:00:00Z', 'Reason68', 'Category2', 'Opinion68', 'approved', 'Manager3', 'engFirstName68', 'engLastName68'),
    ('EMP0068', '0001-01-01T00:00:00Z', '0001-01-01T00:00:00Z', 'Reason68', 'Category2', 'Opinion68', 'denied', 'Manager3', 'engFirstName68', 'engLastName68'),
    ('EMP0069', '2024-05-16T08:00:00Z', '2024-05-17T18:00:00Z', 'Reason69', 'Category0', 'Opinion69', 'pending', 'Manager4', 'engFirstName69', 'engLastName69'),
    ('EMP0069', '2024-05-17T08:00:00Z', '2024-05-18T17:00:00Z', 'Reason69', 'Category0', 'Opinion69', 'approved', 'Manager4', 'engFirstName69', 'engLastName69'),
    ('EMP0069', '0001-01-01T00:00:00Z', '0001-01-01T00:00:00Z', 'Reason69', 'Category0', 'Opinion69', 'denied', 'Manager4', 'engFirstName69', 'engLastName69'),
    ('EMP0070', '2024-05-16T08:00:00Z', '2024-05-17T18:00:00Z', 'Reason70', 'Category1', 'Opinion70', 'pending', 'Manager0', 'engFirstName70', 'engLastName70'),
    ('EMP0070', '2024-05-17T08:00:00Z', '2024-05-18T17:00:00Z', 'Reason70', 'Category1', 'Opinion70', 'approved', 'Manager0', 'engFirstName70', 'engLastName70'),
    ('EMP0070', '0001-01-01T00:00:00Z', '0001-01-01T00:00:00Z', 'Reason70', 'Category1', 'Opinion70', 'denied', 'Manager0', 'engFirstName70', 'engLastName70'),
    ('EMP0071', '2024-05-16T08:00:00Z', '2024-05-17T18:00:00Z', 'Reason71', 'Category2', 'Opinion71', 'pending', 'Manager1', 'engFirstName71', 'engLastName71'),
    ('EMP0071', '2024-05-17T08:00:00Z', '2024-05-18T17:00:00Z', 'Reason71', 'Category2', 'Opinion71', 'approved', 'Manager1', 'engFirstName71', 'engLastName71'),
    ('EMP0071', '0001-01-01T00:00:00Z', '0001-01-01T00:00:00Z', 'Reason71', 'Category2', 'Opinion71', 'denied', 'Manager1', 'engFirstName71', 'engLastName71'),
    ('EMP0072', '2024-05-16T08:00:00Z', '2024-05-17T18:00:00Z', 'Reason72', 'Category0', 'Opinion72', 'pending', 'Manager2', 'engFirstName72', 'engLastName72'),
    ('EMP0072', '2024-05-17T08:00:00Z', '2024-05-18T17:00:00Z', 'Reason72', 'Category0', 'Opinion72', 'approved', 'Manager2', 'engFirstName72', 'engLastName72'),
    ('EMP0072', '0001-01-01T00:00:00Z', '0001-01-01T00:00:00Z', 'Reason72', 'Category0', 'Opinion72', 'denied', 'Manager2', 'engFirstName72', 'engLastName72'),
    ('EMP0073', '2024-05-16T08:00:00Z', '2024-05-17T18:00:00Z', 'Reason73', 'Category1', 'Opinion73', 'pending', 'Manager3', 'engFirstName73', 'engLastName73'),
    ('EMP0073', '2024-05-17T08:00:00Z', '2024-05-18T17:00:00Z', 'Reason73', 'Category1', 'Opinion73', 'approved', 'Manager3', 'engFirstName73', 'engLastName73'),
    ('EMP0073', '0001-01-01T00:00:00Z', '0001-01-01T00:00:00Z', 'Reason73', 'Category1', 'Opinion73', 'denied', 'Manager3', 'engFirstName73', 'engLastName73'),
    ('EMP0074', '2024-05-16T08:00:00Z', '2024-05-17T18:00:00Z', 'Reason74', 'Category2', 'Opinion74', 'pending', 'Manager4', 'engFirstName74', 'engLastName74'),
    ('EMP0074', '2024-05-17T08:00:00Z', '2024-05-18T17:00:00Z', 'Reason74', 'Category2', 'Opinion74', 'approved', 'Manager4', 'engFirstName74', 'engLastName74'),
    ('EMP0074', '0001-01-01T00:00:00Z', '0001-01-01T00:00:00Z', 'Reason74', 'Category2', 'Opinion74', 'denied', 'Manager4', 'engFirstName74', 'engLastName74'),
    ('EMP0075', '2024-05-16T08:00:00Z', '2024-05-17T18:00:00Z', 'Reason75', 'Category0', 'Opinion75', 'pending', 'Manager0', 'engFirstName75', 'engLastName75'),
    ('EMP0075', '2024-05-17T08:00:00Z', '2024-05-18T17:00:00Z', 'Reason75', 'Category0', 'Opinion75', 'approved', 'Manager0', 'engFirstName75', 'engLastName75'),
    ('EMP0075', '0001-01-01T00:00:00Z', '0001-01-01T00:00:00Z', 'Reason75', 'Category0', 'Opinion75', 'denied', 'Manager0', 'engFirstName75', 'engLastName75'),
    ('EMP0076', '2024-05-16T08:00:00Z', '2024-05-17T18:00:00Z', 'Reason76', 'Category1', 'Opinion76', 'pending', 'Manager1', 'engFirstName76', 'engLastName76'),
    ('EMP0076', '2024-05-17T08:00:00Z', '2024-05-18T17:00:00Z', 'Reason76', 'Category1', 'Opinion76', 'approved', 'Manager1', 'engFirstName76', 'engLastName76'),
    ('EMP0076', '0001-01-01T00:00:00Z', '0001-01-01T00:00:00Z', 'Reason76', 'Category1', 'Opinion76', 'denied', 'Manager1', 'engFirstName76', 'engLastName76'),
    ('EMP0077', '2024-05-16T08:00:00Z', '2024-05-17T18:00:00Z', 'Reason77', 'Category2', 'Opinion77', 'pending', 'Manager2', 'engFirstName77', 'engLastName77'),
    ('EMP0077', '2024-05-17T08:00:00Z', '2024-05-18T17:00:00Z', 'Reason77', 'Category2', 'Opinion77', 'approved', 'Manager2', 'engFirstName77', 'engLastName77'),
    ('EMP0077', '0001-01-01T00:00:00Z', '0001-01-01T00:00:00Z', 'Reason77', 'Category2', 'Opinion77', 'denied', 'Manager2', 'engFirstName77', 'engLastName77'),
    ('EMP0078', '2024-05-16T08:00:00Z', '2024-05-17T18:00:00Z', 'Reason78', 'Category0', 'Opinion78', 'pending', 'Manager3', 'engFirstName78', 'engLastName78'),
    ('EMP0078', '2024-05-17T08:00:00Z', '2024-05-18T17:00:00Z', 'Reason78', 'Category0', 'Opinion78', 'approved', 'Manager3', 'engFirstName78', 'engLastName78'),
    ('EMP0078', '0001-01-01T00:00:00Z', '0001-01-01T00:00:00Z', 'Reason78', 'Category0', 'Opinion78', 'denied', 'Manager3', 'engFirstName78', 'engLastName78'),
    ('EMP0079', '2024-05-16T08:00:00Z', '2024-05-17T18:00:00Z', 'Reason79', 'Category1', 'Opinion79', 'pending', 'Manager4', 'engFirstName79', 'engLastName79'),
    ('EMP0079', '2024-05-17T08:00:00Z', '2024-05-18T17:00:00Z', 'Reason79', 'Category1', 'Opinion79', 'approved', 'Manager4', 'engFirstName79', 'engLastName79'),
    ('EMP0079', '0001-01-01T00:00:00Z', '0001-01-01T00:00:00Z', 'Reason79', 'Category1', 'Opinion79', 'denied', 'Manager4', 'engFirstName79', 'engLastName79'),
    ('EMP0080', '2024-05-16T08:00:00Z', '2024-05-17T18:00:00Z', 'Reason80', 'Category2', 'Opinion80', 'pending', 'Manager0', 'engFirstName80', 'engLastName80'),
    ('EMP0080', '2024-05-17T08:00:00Z', '2024-05-18T17:00:00Z', 'Reason80', 'Category2', 'Opinion80', 'approved', 'Manager0', 'engFirstName80', 'engLastName80'),
    ('EMP0080', '0001-01-01T00:00:00Z', '0001-01-01T00:00:00Z', 'Reason80', 'Category2', 'Opinion80', 'denied', 'Manager0', 'engFirstName80', 'engLastName80'),
    ('EMP0081', '2024-05-16T08:00:00Z', '2024-05-17T18:00:00Z', 'Reason81', 'Category0', 'Opinion81', 'pending', 'Manager1', 'engFirstName81', 'engLastName81'),
    ('EMP0081', '2024-05-17T08:00:00Z', '2024-05-18T17:00:00Z', 'Reason81', 'Category0', 'Opinion81', 'approved', 'Manager1', 'engFirstName81', 'engLastName81'),
    ('EMP0081', '0001-01-01T00:00:00Z', '0001-01-01T00:00:00Z', 'Reason81', 'Category0', 'Opinion81', 'denied', 'Manager1', 'engFirstName81', 'engLastName81'),
    ('EMP0082', '2024-05-16T08:00:00Z', '2024-05-17T18:00:00Z', 'Reason82', 'Category1', 'Opinion82', 'pending', 'Manager2', 'engFirstName82', 'engLastName82'),
    ('EMP0082', '2024-05-17T08:00:00Z', '2024-05-18T17:00:00Z', 'Reason82', 'Category1', 'Opinion82', 'approved', 'Manager2', 'engFirstName82', 'engLastName82'),
    ('EMP0082', '0001-01-01T00:00:00Z', '0001-01-01T00:00:00Z', 'Reason82', 'Category1', 'Opinion82', 'denied', 'Manager2', 'engFirstName82', 'engLastName82'),
    ('EMP0083', '2024-05-16T08:00:00Z', '2024-05-17T18:00:00Z', 'Reason83', 'Category2', 'Opinion83', 'pending', 'Manager3', 'engFirstName83', 'engLastName83'),
    ('EMP0083', '2024-05-17T08:00:00Z', '2024-05-18T17:00:00Z', 'Reason83', 'Category2', 'Opinion83', 'approved', 'Manager3', 'engFirstName83', 'engLastName83'),
    ('EMP0083', '0001-01-01T00:00:00Z', '0001-01-01T00:00:00Z', 'Reason83', 'Category2', 'Opinion83', 'denied', 'Manager3', 'engFirstName83', 'engLastName83'),
    ('EMP0084', '2024-05-16T08:00:00Z', '2024-05-17T18:00:00Z', 'Reason84', 'Category0', 'Opinion84', 'pending', 'Manager4', 'engFirstName84', 'engLastName84'),
    ('EMP0084', '2024-05-17T08:00:00Z', '2024-05-18T17:00:00Z', 'Reason84', 'Category0', 'Opinion84', 'approved', 'Manager4', 'engFirstName84', 'engLastName84'),
    ('EMP0084', '0001-01-01T00:00:00Z', '0001-01-01T00:00:00Z', 'Reason84', 'Category0', 'Opinion84', 'denied', 'Manager4', 'engFirstName84', 'engLastName84'),
    ('EMP0085', '2024-05-16T08:00:00Z', '2024-05-17T18:00:00Z', 'Reason85', 'Category1', 'Opinion85', 'pending', 'Manager0', 'engFirstName85', 'engLastName85'),
    ('EMP0085', '2024-05-17T08:00:00Z', '2024-05-18T17:00:00Z', 'Reason85', 'Category1', 'Opinion85', 'approved', 'Manager0', 'engFirstName85', 'engLastName85'),
    ('EMP0085', '0001-01-01T00:00:00Z', '0001-01-01T00:00:00Z', 'Reason85', 'Category1', 'Opinion85', 'denied', 'Manager0', 'engFirstName85', 'engLastName85'),
    ('EMP0086', '2024-05-16T08:00:00Z', '2024-05-17T18:00:00Z', 'Reason86', 'Category2', 'Opinion86', 'pending', 'Manager1', 'engFirstName86', 'engLastName86'),
    ('EMP0086', '2024-05-17T08:00:00Z', '2024-05-18T17:00:00Z', 'Reason86', 'Category2', 'Opinion86', 'approved', 'Manager1', 'engFirstName86', 'engLastName86'),
    ('EMP0086', '0001-01-01T00:00:00Z', '0001-01-01T00:00:00Z', 'Reason86', 'Category2', 'Opinion86', 'denied', 'Manager1', 'engFirstName86', 'engLastName86'),
    ('EMP0087', '2024-05-16T08:00:00Z', '2024-05-17T18:00:00Z', 'Reason87', 'Category0', 'Opinion87', 'pending', 'Manager2', 'engFirstName87', 'engLastName87'),
    ('EMP0087', '2024-05-17T08:00:00Z', '2024-05-18T17:00:00Z', 'Reason87', 'Category0', 'Opinion87', 'approved', 'Manager2', 'engFirstName87', 'engLastName87'),
    ('EMP0087', '0001-01-01T00:00:00Z', '0001-01-01T00:00:00Z', 'Reason87', 'Category0', 'Opinion87', 'denied', 'Manager2', 'engFirstName87', 'engLastName87'),
    ('EMP0088', '2024-05-16T08:00:00Z', '2024-05-17T18:00:00Z', 'Reason88', 'Category1', 'Opinion88', 'pending', 'Manager3', 'engFirstName88', 'engLastName88'),
    ('EMP0088', '2024-05-17T08:00:00Z', '2024-05-18T17:00:00Z', 'Reason88', 'Category1', 'Opinion88', 'approved', 'Manager3', 'engFirstName88', 'engLastName88'),
    ('EMP0088', '0001-01-01T00:00:00Z', '0001-01-01T00:00:00Z', 'Reason88', 'Category1', 'Opinion88', 'denied', 'Manager3', 'engFirstName88', 'engLastName88'),
    ('EMP0089', '2024-05-16T08:00:00Z', '2024-05-17T18:00:00Z', 'Reason89', 'Category2', 'Opinion89', 'pending', 'Manager4', 'engFirstName89', 'engLastName89'),
    ('EMP0089', '2024-05-17T08:00:00Z', '2024-05-18T17:00:00Z', 'Reason89', 'Category2', 'Opinion89', 'approved', 'Manager4', 'engFirstName89', 'engLastName89'),
    ('EMP0089', '0001-01-01T00:00:00Z', '0001-01-01T00:00:00Z', 'Reason89', 'Category2', 'Opinion89', 'denied', 'Manager4', 'engFirstName89', 'engLastName89'),
    ('EMP0090', '2024-05-16T08:00:00Z', '2024-05-17T18:00:00Z', 'Reason90', 'Category0', 'Opinion90', 'pending', 'Manager0', 'engFirstName90', 'engLastName90'),
    ('EMP0090', '2024-05-17T08:00:00Z', '2024-05-18T17:00:00Z', 'Reason90', 'Category0', 'Opinion90', 'approved', 'Manager0', 'engFirstName90', 'engLastName90'),
    ('EMP0090', '0001-01-01T00:00:00Z', '0001-01-01T00:00:00Z', 'Reason90', 'Category0', 'Opinion90', 'denied', 'Manager0', 'engFirstName90', 'engLastName90'),
    ('EMP0091', '2024-05-16T08:00:00Z', '2024-05-17T18:00:00Z', 'Reason91', 'Category1', 'Opinion91', 'pending', 'Manager1', 'engFirstName91', 'engLastName91'),
    ('EMP0091', '2024-05-17T08:00:00Z', '2024-05-18T17:00:00Z', 'Reason91', 'Category1', 'Opinion91', 'approved', 'Manager1', 'engFirstName91', 'engLastName91'),
    ('EMP0091', '0001-01-01T00:00:00Z', '0001-01-01T00:00:00Z', 'Reason91', 'Category1', 'Opinion91', 'denied', 'Manager1', 'engFirstName91', 'engLastName91'),
    ('EMP0092', '2024-05-16T08:00:00Z', '2024-05-17T18:00:00Z', 'Reason92', 'Category2', 'Opinion92', 'pending', 'Manager2', 'engFirstName92', 'engLastName92'),
    ('EMP0092', '2024-05-17T08:00:00Z', '2024-05-18T17:00:00Z', 'Reason92', 'Category2', 'Opinion92', 'approved', 'Manager2', 'engFirstName92', 'engLastName92'),
    ('EMP0092', '0001-01-01T00:00:00Z', '0001-01-01T00:00:00Z', 'Reason92', 'Category2', 'Opinion92', 'denied', 'Manager2', 'engFirstName92', 'engLastName92'),
    ('EMP0093', '2024-05-16T08:00:00Z', '2024-05-17T18:00:00Z', 'Reason93', 'Category0', 'Opinion93', 'pending', 'Manager3', 'engFirstName93', 'engLastName93'),
    ('EMP0093', '2024-05-17T08:00:00Z', '2024-05-18T17:00:00Z', 'Reason93', 'Category0', 'Opinion93', 'approved', 'Manager3', 'engFirstName93', 'engLastName93'),
    ('EMP0093', '0001-01-01T00:00:00Z', '0001-01-01T00:00:00Z', 'Reason93', 'Category0', 'Opinion93', 'denied', 'Manager3', 'engFirstName93', 'engLastName93'),
    ('EMP0094', '2024-05-16T08:00:00Z', '2024-05-17T18:00:00Z', 'Reason94', 'Category1', 'Opinion94', 'pending', 'Manager4', 'engFirstName94', 'engLastName94'),
    ('EMP0094', '2024-05-17T08:00:00Z', '2024-05-18T17:00:00Z', 'Reason94', 'Category1', 'Opinion94', 'approved', 'Manager4', 'engFirstName94', 'engLastName94'),
    ('EMP0094', '0001-01-01T00:00:00Z', '0001-01-01T00:00:00Z', 'Reason94', 'Category1', 'Opinion94', 'denied', 'Manager4', 'engFirstName94', 'engLastName94'),
    ('EMP0095', '2024-05-16T08:00:00Z', '2024-05-17T18:00:00Z', 'Reason95', 'Category2', 'Opinion95', 'pending', 'Manager0', 'engFirstName95', 'engLastName95'),
    ('EMP0095', '2024-05-17T08:00:00Z', '2024-05-18T17:00:00Z', 'Reason95', 'Category2', 'Opinion95', 'approved', 'Manager0', 'engFirstName95', 'engLastName95'),
    ('EMP0095', '0001-01-01T00:00:00Z', '0001-01-01T00:00:00Z', 'Reason95', 'Category2', 'Opinion95', 'denied', 'Manager0', 'engFirstName95', 'engLastName95'),
    ('EMP0096', '2024-05-16T08:00:00Z', '2024-05-17T18:00:00Z', 'Reason96', 'Category0', 'Opinion96', 'pending', 'Manager1', 'engFirstName96', 'engLastName96'),
    ('EMP0096', '2024-05-17T08:00:00Z', '2024-05-18T17:00:00Z', 'Reason96', 'Category0', 'Opinion96', 'approved', 'Manager1', 'engFirstName96', 'engLastName96'),
    ('EMP0096', '0001-01-01T00:00:00Z', '0001-01-01T00:00:00Z', 'Reason96', 'Category0', 'Opinion96', 'denied', 'Manager1', 'engFirstName96', 'engLastName96'),
    ('EMP0097', '2024-05-16T08:00:00Z', '2024-05-17T18:00:00Z', 'Reason97', 'Category1', 'Opinion97', 'pending', 'Manager2', 'engFirstName97', 'engLastName97'),
    ('EMP0097', '2024-05-17T08:00:00Z', '2024-05-18T17:00:00Z', 'Reason97', 'Category1', 'Opinion97', 'approved', 'Manager2', 'engFirstName97', 'engLastName97'),
    ('EMP0097', '0001-01-01T00:00:00Z', '0001-01-01T00:00:00Z', 'Reason97', 'Category1', 'Opinion97', 'denied', 'Manager2', 'engFirstName97', 'engLastName97'),
    ('EMP0098', '2024-05-16T08:00:00Z', '2024-05-17T18:00:00Z', 'Reason98', 'Category2', 'Opinion98', 'pending', 'Manager3', 'engFirstName98', 'engLastName98'),
    ('EMP0098', '2024-05-17T08:00:00Z', '2024-05-18T17:00:00Z', 'Reason98', 'Category2', 'Opinion98', 'approved', 'Manager3', 'engFirstName98', 'engLastName98'),
    ('EMP0098', '0001-01-01T00:00:00Z', '0001-01-01T00:00:00Z', 'Reason98', 'Category2', 'Opinion98', 'denied', 'Manager3', 'engFirstName98', 'engLastName98'),
    ('EMP0099', '2024-05-16T08:00:00Z', '2024-05-17T18:00:00Z', 'Reason99', 'Category0', 'Opinion99', 'pending', 'Manager4', 'engFirstName99', 'engLastName99'),
    ('EMP0099', '2024-05-17T08:00:00Z', '2024-05-18T17:00:00Z', 'Reason99', 'Category0', 'Opinion99', 'approved', 'Manager4', 'engFirstName99', 'engLastName99'),
    ('EMP0099', '0001-01-01T00:00:00Z', '0001-01-01T00:00:00Z', 'Reason99', 'Category0', 'Opinion99', 'denied', 'Manager4', 'engFirstName99', 'engLastName99');
